<?xml version="1.0" encoding="utf-8"?><data><title><![CDATA[Как организована оплата труда в колхозах и совхозах]]></title><url><![CDATA[https://diafilmy.su/900-oplata-truda-v-kolhozah-i-sovhozah.html]]></url><imgs><img><![CDATA[https://diafilmy.su/uploads/posts/2012-03/1331843429_1.jpg]]></img><mp3></mp3><img><![CDATA[https://diafilmy.su/uploads/posts/2012-03/1331843412_2.jpg]]></img><mp3></mp3><img><![CDATA[https://diafilmy.su/uploads/posts/2012-03/1331843467_3.jpg]]></img><mp3></mp3><img><![CDATA[https://diafilmy.su/uploads/posts/2012-03/1331843411_4.jpg]]></img><mp3></mp3><img><![CDATA[https://diafilmy.su/uploads/posts/2012-03/1331843481_5.jpg]]></img><mp3></mp3><img><![CDATA[https://diafilmy.su/uploads/posts/2012-03/1331843478_6.jpg]]></img><mp3></mp3><img><![CDATA[https://diafilmy.su/uploads/posts/2012-03/1331843508_7.jpg]]></img><mp3></mp3><img><![CDATA[https://diafilmy.su/uploads/posts/2012-03/1331843479_8.jpg]]></img><mp3></mp3><img><![CDATA[https://diafilmy.su/uploads/posts/2012-03/1331843519_9.jpg]]></img><mp3></mp3><img><![CDATA[https://diafilmy.su/uploads/posts/2012-03/1331843517_10.jpg]]></img><mp3></mp3><img><![CDATA[https://diafilmy.su/uploads/posts/2012-03/1331843499_11.jpg]]></img><mp3></mp3><img><![CDATA[https://diafilmy.su/uploads/posts/2012-03/1331843545_12.jpg]]></img><mp3></mp3><img><![CDATA[https://diafilmy.su/uploads/posts/2012-03/1331843491_13.jpg]]></img><mp3></mp3><img><![CDATA[https://diafilmy.su/uploads/posts/2012-03/1331843546_14.jpg]]></img><mp3></mp3><img><![CDATA[https://diafilmy.su/uploads/posts/2012-03/1331843534_15.jpg]]></img><mp3></mp3><img><![CDATA[https://diafilmy.su/uploads/posts/2012-03/1331843579_16.jpg]]></img><mp3></mp3><img><![CDATA[https://diafilmy.su/uploads/posts/2012-03/1331843587_17.jpg]]></img><mp3></mp3><img><![CDATA[https://diafilmy.su/uploads/posts/2012-03/1331844148_18.jpg]]></img><mp3></mp3><img><![CDATA[https://diafilmy.su/uploads/posts/2012-03/1331843604_19.jpg]]></img><mp3></mp3><img><![CDATA[https://diafilmy.su/uploads/posts/2012-03/1331843635_20.jpg]]></img><mp3></mp3><img><![CDATA[https://diafilmy.su/uploads/posts/2012-03/1331843608_21.jpg]]></img><mp3></mp3><img><![CDATA[https://diafilmy.su/uploads/posts/2012-03/1331843614_22.jpg]]></img><mp3></mp3><img><![CDATA[https://diafilmy.su/uploads/posts/2012-03/1331843634_23.jpg]]></img><mp3></mp3><img><![CDATA[https://diafilmy.su/uploads/posts/2012-03/1331843642_24.jpg]]></img><mp3></mp3><img><![CDATA[https://diafilmy.su/uploads/posts/2012-03/1331843643_25.jpg]]></img><mp3></mp3><img><![CDATA[https://diafilmy.su/uploads/posts/2012-03/1331843699_26.jpg]]></img><mp3></mp3><img><![CDATA[https://diafilmy.su/uploads/posts/2012-03/1331843701_27.jpg]]></img><mp3></mp3><img><![CDATA[https://diafilmy.su/uploads/posts/2012-03/1331843662_28.jpg]]></img><mp3></mp3><img><![CDATA[https://diafilmy.su/uploads/posts/2012-03/1331843666_29.jpg]]></img><mp3></mp3><img><![CDATA[https://diafilmy.su/uploads/posts/2012-03/1331843698_30.jpg]]></img><mp3></mp3><img><![CDATA[https://diafilmy.su/uploads/posts/2012-03/1331843741_31.jpg]]></img><mp3></mp3><img><![CDATA[https://diafilmy.su/uploads/posts/2012-03/1331843729_32.jpg]]></img><mp3></mp3><img><![CDATA[https://diafilmy.su/uploads/posts/2012-03/1331843709_33.jpg]]></img><mp3></mp3><img><![CDATA[https://diafilmy.su/uploads/posts/2012-03/1331843776_34.jpg]]></img><mp3></mp3><img><![CDATA[https://diafilmy.su/uploads/posts/2012-03/1331843763_35.jpg]]></img><mp3></mp3><img><![CDATA[https://diafilmy.su/uploads/posts/2012-03/1331843800_36.jpg]]></img><mp3></mp3><img><![CDATA[https://diafilmy.su/uploads/posts/2012-03/1331843743_37.jpg]]></img><mp3></mp3><img><![CDATA[https://diafilmy.su/uploads/posts/2012-03/1331843834_38.jpg]]></img><mp3></mp3><img><![CDATA[https://diafilmy.su/uploads/posts/2012-03/1331843848_39.jpg]]></img><mp3></mp3><img><![CDATA[https://diafilmy.su/uploads/posts/2012-03/1331843817_40.jpg]]></img><mp3></mp3><img><![CDATA[https://diafilmy.su/uploads/posts/2012-03/1331843846_41.jpg]]></img><mp3></mp3><img><![CDATA[https://diafilmy.su/uploads/posts/2012-03/1331843830_42.jpg]]></img><mp3></mp3><img><![CDATA[https://diafilmy.su/uploads/posts/2012-03/1331843864_43.jpg]]></img><mp3></mp3><img><![CDATA[https://diafilmy.su/uploads/posts/2012-03/1331843814_44.jpg]]></img><mp3></mp3><img><![CDATA[https://diafilmy.su/uploads/posts/2012-03/1331843821_45.jpg]]></img><mp3></mp3><img><![CDATA[https://diafilmy.su/uploads/posts/2012-03/1331843907_46.jpg]]></img><mp3></mp3><img><![CDATA[https://diafilmy.su/uploads/posts/2012-03/1331843872_47.jpg]]></img><mp3></mp3><img><![CDATA[https://diafilmy.su/uploads/posts/2012-03/1331843845_48.jpg]]></img><mp3></mp3><img><![CDATA[https://diafilmy.su/uploads/posts/2012-03/1331843866_49.jpg]]></img><mp3></mp3><img><![CDATA[https://diafilmy.su/uploads/posts/2012-03/1331843386_50.jpg]]></img><mp3></mp3></imgs></data>