<?xml version="1.0" encoding="utf-8"?><data><title><![CDATA[Контроль станочных и слесарных работ. Часть 1]]></title><url><![CDATA[https://diafilmy.su/1152-kontrol-stanochnyh-rabot-1.html]]></url><imgs><img><![CDATA[https://diafilmy.su/uploads/posts/2012-07/1342369842_01.jpg]]></img><mp3></mp3><img><![CDATA[https://diafilmy.su/uploads/posts/2012-07/1342369753_02.jpg]]></img><mp3></mp3><img><![CDATA[https://diafilmy.su/uploads/posts/2012-07/1342369790_03.jpg]]></img><mp3></mp3><img><![CDATA[https://diafilmy.su/uploads/posts/2012-07/1342369807_04.jpg]]></img><mp3></mp3><img><![CDATA[https://diafilmy.su/uploads/posts/2012-07/1342369852_05.jpg]]></img><mp3></mp3><img><![CDATA[https://diafilmy.su/uploads/posts/2012-07/1342369827_06.jpg]]></img><mp3></mp3><img><![CDATA[https://diafilmy.su/uploads/posts/2012-07/1342369812_07.jpg]]></img><mp3></mp3><img><![CDATA[https://diafilmy.su/uploads/posts/2012-07/1342369819_08.jpg]]></img><mp3></mp3><img><![CDATA[https://diafilmy.su/uploads/posts/2012-07/1342369874_09.jpg]]></img><mp3></mp3><img><![CDATA[https://diafilmy.su/uploads/posts/2012-07/1342369813_10.jpg]]></img><mp3></mp3><img><![CDATA[https://diafilmy.su/uploads/posts/2012-07/1342369816_11.jpg]]></img><mp3></mp3><img><![CDATA[https://diafilmy.su/uploads/posts/2012-07/1342369824_12.jpg]]></img><mp3></mp3><img><![CDATA[https://diafilmy.su/uploads/posts/2012-07/1342369899_13.jpg]]></img><mp3></mp3><img><![CDATA[https://diafilmy.su/uploads/posts/2012-07/1342369903_14.jpg]]></img><mp3></mp3><img><![CDATA[https://diafilmy.su/uploads/posts/2012-07/1342369877_15.jpg]]></img><mp3></mp3><img><![CDATA[https://diafilmy.su/uploads/posts/2012-07/1342369844_16.jpg]]></img><mp3></mp3><img><![CDATA[https://diafilmy.su/uploads/posts/2012-07/1342369856_17.jpg]]></img><mp3></mp3><img><![CDATA[https://diafilmy.su/uploads/posts/2012-07/1342369896_18.jpg]]></img><mp3></mp3><img><![CDATA[https://diafilmy.su/uploads/posts/2012-07/1342369888_19.jpg]]></img><mp3></mp3><img><![CDATA[https://diafilmy.su/uploads/posts/2012-07/1342369885_20.jpg]]></img><mp3></mp3><img><![CDATA[https://diafilmy.su/uploads/posts/2012-07/1342369908_21.jpg]]></img><mp3></mp3><img><![CDATA[https://diafilmy.su/uploads/posts/2012-07/1342369934_22.jpg]]></img><mp3></mp3><img><![CDATA[https://diafilmy.su/uploads/posts/2012-07/1342369966_23.jpg]]></img><mp3></mp3><img><![CDATA[https://diafilmy.su/uploads/posts/2012-07/1342369975_24.jpg]]></img><mp3></mp3><img><![CDATA[https://diafilmy.su/uploads/posts/2012-07/1342369950_25.jpg]]></img><mp3></mp3><img><![CDATA[https://diafilmy.su/uploads/posts/2012-07/1342369977_26.jpg]]></img><mp3></mp3><img><![CDATA[https://diafilmy.su/uploads/posts/2012-07/1342369965_27.jpg]]></img><mp3></mp3><img><![CDATA[https://diafilmy.su/uploads/posts/2012-07/1342369973_28.jpg]]></img><mp3></mp3><img><![CDATA[https://diafilmy.su/uploads/posts/2012-07/1342369964_29.jpg]]></img><mp3></mp3><img><![CDATA[https://diafilmy.su/uploads/posts/2012-07/1342370023_30.jpg]]></img><mp3></mp3><img><![CDATA[https://diafilmy.su/uploads/posts/2012-07/1342369974_31.jpg]]></img><mp3></mp3><img><![CDATA[https://diafilmy.su/uploads/posts/2012-07/1342370096_32.jpg]]></img><mp3></mp3><img><![CDATA[https://diafilmy.su/uploads/posts/2012-07/1342369998_33.jpg]]></img><mp3></mp3><img><![CDATA[https://diafilmy.su/uploads/posts/2012-07/1342370061_34.jpg]]></img><mp3></mp3><img><![CDATA[https://diafilmy.su/uploads/posts/2012-07/1342369987_35.jpg]]></img><mp3></mp3><img><![CDATA[https://diafilmy.su/uploads/posts/2012-07/1342370023_36.jpg]]></img><mp3></mp3><img><![CDATA[https://diafilmy.su/uploads/posts/2012-07/1342370029_37.jpg]]></img><mp3></mp3><img><![CDATA[https://diafilmy.su/uploads/posts/2012-07/1342370022_38.jpg]]></img><mp3></mp3><img><![CDATA[https://diafilmy.su/uploads/posts/2012-07/1342370098_39.jpg]]></img><mp3></mp3><img><![CDATA[https://diafilmy.su/uploads/posts/2012-07/1342370026_40.jpg]]></img><mp3></mp3><img><![CDATA[https://diafilmy.su/uploads/posts/2012-07/1342370082_41.jpg]]></img><mp3></mp3><img><![CDATA[https://diafilmy.su/uploads/posts/2012-07/1342370064_42.jpg]]></img><mp3></mp3><img><![CDATA[https://diafilmy.su/uploads/posts/2012-07/1342370077_43.jpg]]></img><mp3></mp3><img><![CDATA[https://diafilmy.su/uploads/posts/2012-07/1342369764_44.jpg]]></img><mp3></mp3></imgs></data>