<?xml version="1.0" encoding="utf-8"?><data><title><![CDATA[Волшебная палочка]]></title><url><![CDATA[https://diafilmy.su/1950-volshebnaya-palochka.html]]></url><imgs><img><![CDATA[https://diafilmy.su/uploads/posts/2013-06/1370491836_scan-130605-0001-kopiya.jpg]]></img><mp3></mp3><img><![CDATA[https://diafilmy.su/uploads/posts/2013-06/1370491827_scan-130605-0002-kopiya.jpg]]></img><mp3></mp3><img><![CDATA[https://diafilmy.su/uploads/posts/2013-06/1370491857_scan-130605-0003-kopiya.jpg]]></img><mp3></mp3><img><![CDATA[https://diafilmy.su/uploads/posts/2013-06/1370491834_scan-130605-0004-kopiya.jpg]]></img><mp3></mp3><img><![CDATA[https://diafilmy.su/uploads/posts/2013-06/1370491850_scan-130605-0005-kopiya.jpg]]></img><mp3></mp3><img><![CDATA[https://diafilmy.su/uploads/posts/2013-06/1370491915_scan-130605-0006-kopiya.jpg]]></img><mp3></mp3><img><![CDATA[https://diafilmy.su/uploads/posts/2013-06/1370491865_scan-130605-0007-kopiya.jpg]]></img><mp3></mp3><img><![CDATA[https://diafilmy.su/uploads/posts/2013-06/1370491912_scan-130605-0008-kopiya.jpg]]></img><mp3></mp3><img><![CDATA[https://diafilmy.su/uploads/posts/2013-06/1370491834_scan-130605-0009-kopiya.jpg]]></img><mp3></mp3><img><![CDATA[https://diafilmy.su/uploads/posts/2013-06/1370491913_scan-130605-0010-kopiya.jpg]]></img><mp3></mp3><img><![CDATA[https://diafilmy.su/uploads/posts/2013-06/1370491916_scan-130605-0011-kopiya.jpg]]></img><mp3></mp3><img><![CDATA[https://diafilmy.su/uploads/posts/2013-06/1370491863_scan-130605-0012-kopiya.jpg]]></img><mp3></mp3><img><![CDATA[https://diafilmy.su/uploads/posts/2013-06/1370491856_scan-130605-0013-kopiya.jpg]]></img><mp3></mp3><img><![CDATA[https://diafilmy.su/uploads/posts/2013-06/1370491906_scan-130605-0014-kopiya.jpg]]></img><mp3></mp3><img><![CDATA[https://diafilmy.su/uploads/posts/2013-06/1370491873_scan-130605-0015-kopiya.jpg]]></img><mp3></mp3><img><![CDATA[https://diafilmy.su/uploads/posts/2013-06/1370491927_scan-130605-0016-kopiya.jpg]]></img><mp3></mp3><img><![CDATA[https://diafilmy.su/uploads/posts/2013-06/1370491927_scan-130605-0017-kopiya.jpg]]></img><mp3></mp3><img><![CDATA[https://diafilmy.su/uploads/posts/2013-06/1370491856_scan-130605-0018-kopiya.jpg]]></img><mp3></mp3><img><![CDATA[https://diafilmy.su/uploads/posts/2013-06/1370491858_scan-130605-0019-kopiya.jpg]]></img><mp3></mp3><img><![CDATA[https://diafilmy.su/uploads/posts/2013-06/1370491921_scan-130605-0020-kopiya.jpg]]></img><mp3></mp3><img><![CDATA[https://diafilmy.su/uploads/posts/2013-06/1370491892_scan-130605-0021-kopiya.jpg]]></img><mp3></mp3><img><![CDATA[https://diafilmy.su/uploads/posts/2013-06/1370491849_scan-130605-0022-kopiya.jpg]]></img><mp3></mp3><img><![CDATA[https://diafilmy.su/uploads/posts/2013-06/1370491845_scan-130605-0023-kopiya.jpg]]></img><mp3></mp3><img><![CDATA[https://diafilmy.su/uploads/posts/2013-06/1370491886_scan-130605-0024-kopiya.jpg]]></img><mp3></mp3><img><![CDATA[https://diafilmy.su/uploads/posts/2013-06/1370491901_scan-130605-0025-kopiya.jpg]]></img><mp3></mp3><img><![CDATA[https://diafilmy.su/uploads/posts/2013-06/1370491894_scan-130605-0026-kopiya.jpg]]></img><mp3></mp3><img><![CDATA[https://diafilmy.su/uploads/posts/2013-06/1370491879_scan-130605-0027-kopiya.jpg]]></img><mp3></mp3><img><![CDATA[https://diafilmy.su/uploads/posts/2013-06/1370491896_scan-130605-0028-kopiya.jpg]]></img><mp3></mp3><img><![CDATA[https://diafilmy.su/uploads/posts/2013-06/1370491931_scan-130605-0029-kopiya.jpg]]></img><mp3></mp3><img><![CDATA[https://diafilmy.su/uploads/posts/2013-06/1370491873_scan-130605-0030-kopiya.jpg]]></img><mp3></mp3><img><![CDATA[https://diafilmy.su/uploads/posts/2013-06/1370491922_scan-130605-0031-kopiya.jpg]]></img><mp3></mp3><img><![CDATA[https://diafilmy.su/uploads/posts/2013-06/1370491862_scan-130605-0032-kopiya.jpg]]></img><mp3></mp3><img><![CDATA[https://diafilmy.su/uploads/posts/2013-06/1370491893_scan-130605-0033-kopiya.jpg]]></img><mp3></mp3><img><![CDATA[https://diafilmy.su/uploads/posts/2013-06/1370491870_scan-130605-0034-kopiya.jpg]]></img><mp3></mp3><img><![CDATA[https://diafilmy.su/uploads/posts/2013-06/1370491886_scan-130605-0035-kopiya.jpg]]></img><mp3></mp3><img><![CDATA[https://diafilmy.su/uploads/posts/2013-06/1370491932_scan-130605-0036-kopiya.jpg]]></img><mp3></mp3><img><![CDATA[https://diafilmy.su/uploads/posts/2013-06/1370491875_scan-130605-0037-kopiya.jpg]]></img><mp3></mp3></imgs></data>