<?xml version="1.0" encoding="utf-8"?><data><title><![CDATA[Углеводы]]></title><url><![CDATA[https://diafilmy.su/1034-uglevody.html]]></url><imgs><img><![CDATA[https://diafilmy.su/uploads/posts/2012-05/1336735400_01.jpg]]></img><mp3></mp3><img><![CDATA[https://diafilmy.su/uploads/posts/2012-05/1336735475_02.jpg]]></img><mp3></mp3><img><![CDATA[https://diafilmy.su/uploads/posts/2012-05/1336735485_03.jpg]]></img><mp3></mp3><img><![CDATA[https://diafilmy.su/uploads/posts/2012-05/1336735549_04.jpg]]></img><mp3></mp3><img><![CDATA[https://diafilmy.su/uploads/posts/2012-05/1336735596_05.jpg]]></img><mp3></mp3><img><![CDATA[https://diafilmy.su/uploads/posts/2012-05/1336735731_06.jpg]]></img><mp3></mp3><img><![CDATA[https://diafilmy.su/uploads/posts/2012-05/1336735786_07.jpg]]></img><mp3></mp3><img><![CDATA[https://diafilmy.su/uploads/posts/2012-05/1336735915_08.jpg]]></img><mp3></mp3><img><![CDATA[https://diafilmy.su/uploads/posts/2012-05/1336735942_09.jpg]]></img><mp3></mp3><img><![CDATA[https://diafilmy.su/uploads/posts/2012-05/1336736018_10.jpg]]></img><mp3></mp3><img><![CDATA[https://diafilmy.su/uploads/posts/2012-05/1336736033_11.jpg]]></img><mp3></mp3><img><![CDATA[https://diafilmy.su/uploads/posts/2012-05/1336736153_12.jpg]]></img><mp3></mp3><img><![CDATA[https://diafilmy.su/uploads/posts/2012-05/1336736199_13.jpg]]></img><mp3></mp3><img><![CDATA[https://diafilmy.su/uploads/posts/2012-05/1336736306_14.jpg]]></img><mp3></mp3><img><![CDATA[https://diafilmy.su/uploads/posts/2012-05/1336736337_15.jpg]]></img><mp3></mp3><img><![CDATA[https://diafilmy.su/uploads/posts/2012-05/1336736459_16.jpg]]></img><mp3></mp3><img><![CDATA[https://diafilmy.su/uploads/posts/2012-05/1336736505_17.jpg]]></img><mp3></mp3><img><![CDATA[https://diafilmy.su/uploads/posts/2012-05/1336736634_18.jpg]]></img><mp3></mp3><img><![CDATA[https://diafilmy.su/uploads/posts/2012-05/1336736768_19.jpg]]></img><mp3></mp3><img><![CDATA[https://diafilmy.su/uploads/posts/2012-05/1336736833_20.jpg]]></img><mp3></mp3><img><![CDATA[https://diafilmy.su/uploads/posts/2012-05/1336736911_21.jpg]]></img><mp3></mp3><img><![CDATA[https://diafilmy.su/uploads/posts/2012-05/1336736945_22.jpg]]></img><mp3></mp3><img><![CDATA[https://diafilmy.su/uploads/posts/2012-05/1336737107_23.jpg]]></img><mp3></mp3><img><![CDATA[https://diafilmy.su/uploads/posts/2012-05/1336737198_24.jpg]]></img><mp3></mp3><img><![CDATA[https://diafilmy.su/uploads/posts/2012-05/1336737267_25.jpg]]></img><mp3></mp3><img><![CDATA[https://diafilmy.su/uploads/posts/2012-05/1336737368_26.jpg]]></img><mp3></mp3><img><![CDATA[https://diafilmy.su/uploads/posts/2012-05/1336737458_27.jpg]]></img><mp3></mp3><img><![CDATA[https://diafilmy.su/uploads/posts/2012-05/1336737426_28.jpg]]></img><mp3></mp3><img><![CDATA[https://diafilmy.su/uploads/posts/2012-05/1336737523_29.jpg]]></img><mp3></mp3><img><![CDATA[https://diafilmy.su/uploads/posts/2012-05/1336737548_30.jpg]]></img><mp3></mp3><img><![CDATA[https://diafilmy.su/uploads/posts/2012-05/1336737679_31.jpg]]></img><mp3></mp3><img><![CDATA[https://diafilmy.su/uploads/posts/2012-05/1336737761_32.jpg]]></img><mp3></mp3><img><![CDATA[https://diafilmy.su/uploads/posts/2012-05/1336737857_33.jpg]]></img><mp3></mp3><img><![CDATA[https://diafilmy.su/uploads/posts/2012-05/1336737960_34.jpg]]></img><mp3></mp3><img><![CDATA[https://diafilmy.su/uploads/posts/2012-05/1336738039_35.jpg]]></img><mp3></mp3><img><![CDATA[https://diafilmy.su/uploads/posts/2012-05/1336741321_36.jpg]]></img><mp3></mp3><img><![CDATA[https://diafilmy.su/uploads/posts/2012-05/1336740786_37.jpg]]></img><mp3></mp3><img><![CDATA[https://diafilmy.su/uploads/posts/2012-05/1336740883_38.jpg]]></img><mp3></mp3><img><![CDATA[https://diafilmy.su/uploads/posts/2012-05/1336740185_39.jpg]]></img><mp3></mp3><img><![CDATA[https://diafilmy.su/uploads/posts/2012-05/1336739035_40.jpg]]></img><mp3></mp3><img><![CDATA[https://diafilmy.su/uploads/posts/2012-05/1336739142_41.jpg]]></img><mp3></mp3><img><![CDATA[https://diafilmy.su/uploads/posts/2012-05/1336739295_42.jpg]]></img><mp3></mp3><img><![CDATA[https://diafilmy.su/uploads/posts/2012-05/1336739383_43.jpg]]></img><mp3></mp3><img><![CDATA[https://diafilmy.su/uploads/posts/2012-05/1336735324_44.jpg]]></img><mp3></mp3></imgs></data>