<?xml version="1.0" encoding="utf-8"?><data><title><![CDATA[Муха-Цокотуха]]></title><url><![CDATA[https://diafilmy.su/7323-muha-cokotuha.html]]></url><imgs><img><![CDATA[https://diafilmy.su/uploads/posts/2020-10/1602072450_pict-mc-01.jpg]]></img><mp3></mp3><img><![CDATA[https://diafilmy.su/uploads/posts/2020-10/1602072473_pict-mc-02.jpg]]></img><mp3></mp3><img><![CDATA[https://diafilmy.su/uploads/posts/2020-10/1602072525_pict-mc-05.jpg]]></img><mp3></mp3><img><![CDATA[https://diafilmy.su/uploads/posts/2020-10/1602072473_pict-mc-06.jpg]]></img><mp3></mp3><img><![CDATA[https://diafilmy.su/uploads/posts/2020-10/1602072524_pict-mc-07.jpg]]></img><mp3></mp3><img><![CDATA[https://diafilmy.su/uploads/posts/2020-10/1602072493_pict-mc-08.jpg]]></img><mp3></mp3><img><![CDATA[https://diafilmy.su/uploads/posts/2020-10/1602072575_pict-mc-09.jpg]]></img><mp3></mp3><img><![CDATA[https://diafilmy.su/uploads/posts/2020-10/1602072608_pict-mc-10.jpg]]></img><mp3></mp3><img><![CDATA[https://diafilmy.su/uploads/posts/2020-10/1602072556_pict-mc-11.jpg]]></img><mp3></mp3><img><![CDATA[https://diafilmy.su/uploads/posts/2020-10/1602072617_pict-mc-12.jpg]]></img><mp3></mp3><img><![CDATA[https://diafilmy.su/uploads/posts/2020-10/1602072591_pict-mc-13.jpg]]></img><mp3></mp3><img><![CDATA[https://diafilmy.su/uploads/posts/2020-10/1602072549_pict-mc-14.jpg]]></img><mp3></mp3><img><![CDATA[https://diafilmy.su/uploads/posts/2020-10/1602072647_pict-mc-15.jpg]]></img><mp3></mp3><img><![CDATA[https://diafilmy.su/uploads/posts/2020-10/1602072573_pict-mc-16.jpg]]></img><mp3></mp3><img><![CDATA[https://diafilmy.su/uploads/posts/2020-10/1602072646_pict-mc-17.jpg]]></img><mp3></mp3><img><![CDATA[https://diafilmy.su/uploads/posts/2020-10/1602072676_pict-mc-18.jpg]]></img><mp3></mp3><img><![CDATA[https://diafilmy.su/uploads/posts/2020-10/1602072627_pict-mc-20.jpg]]></img><mp3></mp3><img><![CDATA[https://diafilmy.su/uploads/posts/2020-10/1602072674_pict-mc-21.jpg]]></img><mp3></mp3><img><![CDATA[https://diafilmy.su/uploads/posts/2020-10/1602072717_pict-mc-22.jpg]]></img><mp3></mp3><img><![CDATA[https://diafilmy.su/uploads/posts/2020-10/1602072680_pict-mc-23.jpg]]></img><mp3></mp3><img><![CDATA[https://diafilmy.su/uploads/posts/2020-10/1602072746_pict-mc-24.jpg]]></img><mp3></mp3><img><![CDATA[https://diafilmy.su/uploads/posts/2020-10/1602072725_pict-mc-25.jpg]]></img><mp3></mp3><img><![CDATA[https://diafilmy.su/uploads/posts/2020-10/1602072736_pict-mc-26.jpg]]></img><mp3></mp3><img><![CDATA[https://diafilmy.su/uploads/posts/2020-10/1602072796_pict-mc-27.jpg]]></img><mp3></mp3><img><![CDATA[https://diafilmy.su/uploads/posts/2020-10/1602072764_pict-mc-28.jpg]]></img><mp3></mp3><img><![CDATA[https://diafilmy.su/uploads/posts/2020-10/1602072786_pict-mc-29.jpg]]></img><mp3></mp3><img><![CDATA[https://diafilmy.su/uploads/posts/2020-10/1602072816_pict-mc-30.jpg]]></img><mp3></mp3><img><![CDATA[https://diafilmy.su/uploads/posts/2020-10/1602072784_pict-mc-31.jpg]]></img><mp3></mp3><img><![CDATA[https://diafilmy.su/uploads/posts/2020-10/1602072834_pict-mc-32.jpg]]></img><mp3></mp3><img><![CDATA[https://diafilmy.su/uploads/posts/2020-10/1602072840_pict-mc-33.jpg]]></img><mp3></mp3><img><![CDATA[https://diafilmy.su/uploads/posts/2020-10/1602072827_pict-mc-34.jpg]]></img><mp3></mp3><img><![CDATA[https://diafilmy.su/uploads/posts/2020-10/1602072855_pict-mc-35.jpg]]></img><mp3></mp3><img><![CDATA[https://diafilmy.su/uploads/posts/2020-10/1602072917_pict-mc-36.jpg]]></img><mp3></mp3><img><![CDATA[https://diafilmy.su/uploads/posts/2020-10/1602072923_pict-mc-37.jpg]]></img><mp3></mp3></imgs></data>