<?xml version="1.0" encoding="utf-8"?><data><title><![CDATA[Чудодейное колечко]]></title><url><![CDATA[https://diafilmy.su/7411-chudodejnoe-kolechko.html]]></url><imgs><img><![CDATA[https://diafilmy.su/uploads/posts/2020-12/1607781240_chudodejnoe-kolechko-01.jpg]]></img><mp3></mp3><img><![CDATA[https://diafilmy.su/uploads/posts/2020-12/1607781229_chudodejnoe-kolechko-02.jpg]]></img><mp3></mp3><img><![CDATA[https://diafilmy.su/uploads/posts/2020-12/1607781211_chudodejnoe-kolechko-03.jpg]]></img><mp3></mp3><img><![CDATA[https://diafilmy.su/uploads/posts/2020-12/1607781287_chudodejnoe-kolechko-04.jpg]]></img><mp3></mp3><img><![CDATA[https://diafilmy.su/uploads/posts/2020-12/1607781250_chudodejnoe-kolechko-05.jpg]]></img><mp3></mp3><img><![CDATA[https://diafilmy.su/uploads/posts/2020-12/1607781275_chudodejnoe-kolechko-06.jpg]]></img><mp3><![CDATA[https://diafilmy.su/uploads/files/2021-01/1611850276_01.mp3]]></mp3><img><![CDATA[https://diafilmy.su/uploads/posts/2020-12/1607781227_chudodejnoe-kolechko-07.jpg]]></img><mp3><![CDATA[https://diafilmy.su/uploads/files/2021-01/1611850270_02.mp3]]></mp3><img><![CDATA[https://diafilmy.su/uploads/posts/2020-12/1607781256_chudodejnoe-kolechko-08.jpg]]></img><mp3><![CDATA[https://diafilmy.su/uploads/files/2021-01/1611850228_03.mp3]]></mp3><img><![CDATA[https://diafilmy.su/uploads/posts/2020-12/1607781270_chudodejnoe-kolechko-09.jpg]]></img><mp3><![CDATA[https://diafilmy.su/uploads/files/2021-01/1611850234_04.mp3]]></mp3><img><![CDATA[https://diafilmy.su/uploads/posts/2020-12/1607781245_chudodejnoe-kolechko-10.jpg]]></img><mp3><![CDATA[https://diafilmy.su/uploads/files/2021-01/1611850248_05.mp3]]></mp3><img><![CDATA[https://diafilmy.su/uploads/posts/2020-12/1607781246_chudodejnoe-kolechko-11.jpg]]></img><mp3><![CDATA[https://diafilmy.su/uploads/files/2021-01/1611850279_06.mp3]]></mp3><img><![CDATA[https://diafilmy.su/uploads/posts/2020-12/1607781225_chudodejnoe-kolechko-12.jpg]]></img><mp3><![CDATA[https://diafilmy.su/uploads/files/2021-01/1611850235_07.mp3]]></mp3><img><![CDATA[https://diafilmy.su/uploads/posts/2020-12/1607781215_chudodejnoe-kolechko-13.jpg]]></img><mp3><![CDATA[https://diafilmy.su/uploads/files/2021-01/1611850310_08.mp3]]></mp3><img><![CDATA[https://diafilmy.su/uploads/posts/2020-12/1607781256_chudodejnoe-kolechko-14.jpg]]></img><mp3><![CDATA[https://diafilmy.su/uploads/files/2021-01/1611850296_09.mp3]]></mp3><img><![CDATA[https://diafilmy.su/uploads/posts/2020-12/1607781250_chudodejnoe-kolechko-15.jpg]]></img><mp3><![CDATA[https://diafilmy.su/uploads/files/2021-01/1611850275_10.mp3]]></mp3><img><![CDATA[https://diafilmy.su/uploads/posts/2020-12/1607781255_chudodejnoe-kolechko-16.jpg]]></img><mp3><![CDATA[https://diafilmy.su/uploads/files/2021-01/1611850285_11.mp3]]></mp3><img><![CDATA[https://diafilmy.su/uploads/posts/2020-12/1607781274_chudodejnoe-kolechko-17.jpg]]></img><mp3><![CDATA[https://diafilmy.su/uploads/files/2021-01/1611850226_12.mp3]]></mp3><img><![CDATA[https://diafilmy.su/uploads/posts/2020-12/1607781210_chudodejnoe-kolechko-18.jpg]]></img><mp3><![CDATA[https://diafilmy.su/uploads/files/2021-01/1611850309_13.mp3]]></mp3><img><![CDATA[https://diafilmy.su/uploads/posts/2020-12/1607781244_chudodejnoe-kolechko-19.jpg]]></img><mp3><![CDATA[https://diafilmy.su/uploads/files/2021-01/1611850222_14.mp3]]></mp3><img><![CDATA[https://diafilmy.su/uploads/posts/2020-12/1607781215_chudodejnoe-kolechko-20.jpg]]></img><mp3><![CDATA[https://diafilmy.su/uploads/files/2021-01/1611850270_15.mp3]]></mp3><img><![CDATA[https://diafilmy.su/uploads/posts/2020-12/1607781232_chudodejnoe-kolechko-21.jpg]]></img><mp3><![CDATA[https://diafilmy.su/uploads/files/2021-01/1611850222_16.mp3]]></mp3><img><![CDATA[https://diafilmy.su/uploads/posts/2020-12/1607781275_chudodejnoe-kolechko-22.jpg]]></img><mp3><![CDATA[https://diafilmy.su/uploads/files/2021-01/1611850296_17.mp3]]></mp3><img><![CDATA[https://diafilmy.su/uploads/posts/2020-12/1607781219_chudodejnoe-kolechko-23.jpg]]></img><mp3><![CDATA[https://diafilmy.su/uploads/files/2021-01/1611850264_18.mp3]]></mp3><img><![CDATA[https://diafilmy.su/uploads/posts/2020-12/1607781247_chudodejnoe-kolechko-24.jpg]]></img><mp3><![CDATA[https://diafilmy.su/uploads/files/2021-01/1611850223_19.mp3]]></mp3><img><![CDATA[https://diafilmy.su/uploads/posts/2020-12/1607781250_chudodejnoe-kolechko-25.jpg]]></img><mp3><![CDATA[https://diafilmy.su/uploads/files/2021-01/1611850238_20.mp3]]></mp3><img><![CDATA[https://diafilmy.su/uploads/posts/2020-12/1607781312_chudodejnoe-kolechko-26.jpg]]></img><mp3><![CDATA[https://diafilmy.su/uploads/files/2021-01/1611850290_21.mp3]]></mp3><img><![CDATA[https://diafilmy.su/uploads/posts/2020-12/1607781306_chudodejnoe-kolechko-27.jpg]]></img><mp3><![CDATA[https://diafilmy.su/uploads/files/2021-01/1611850249_22.mp3]]></mp3><img><![CDATA[https://diafilmy.su/uploads/posts/2020-12/1607781263_chudodejnoe-kolechko-28.jpg]]></img><mp3><![CDATA[https://diafilmy.su/uploads/files/2021-01/1611850280_23.mp3]]></mp3><img><![CDATA[https://diafilmy.su/uploads/posts/2020-12/1607781310_chudodejnoe-kolechko-29.jpg]]></img><mp3><![CDATA[https://diafilmy.su/uploads/files/2021-01/1611850308_24.mp3]]></mp3><img><![CDATA[https://diafilmy.su/uploads/posts/2020-12/1607781239_chudodejnoe-kolechko-30.jpg]]></img><mp3><![CDATA[https://diafilmy.su/uploads/files/2021-01/1611850248_25.mp3]]></mp3><img><![CDATA[https://diafilmy.su/uploads/posts/2020-12/1607781272_chudodejnoe-kolechko-31.jpg]]></img><mp3><![CDATA[https://diafilmy.su/uploads/files/2021-01/1611850270_26.mp3]]></mp3><img><![CDATA[https://diafilmy.su/uploads/posts/2020-12/1607781299_chudodejnoe-kolechko-32.jpg]]></img><mp3><![CDATA[https://diafilmy.su/uploads/files/2021-01/1611850285_27.mp3]]></mp3><img><![CDATA[https://diafilmy.su/uploads/posts/2020-12/1607781265_chudodejnoe-kolechko-33.jpg]]></img><mp3><![CDATA[https://diafilmy.su/uploads/files/2021-01/1611850270_28.mp3]]></mp3><img><![CDATA[https://diafilmy.su/uploads/posts/2020-12/1607781277_chudodejnoe-kolechko-34.jpg]]></img><mp3><![CDATA[https://diafilmy.su/uploads/files/2021-01/1611850269_29.mp3]]></mp3><img><![CDATA[https://diafilmy.su/uploads/posts/2020-12/1607781319_chudodejnoe-kolechko-35.jpg]]></img><mp3><![CDATA[https://diafilmy.su/uploads/files/2021-01/1611850258_30.mp3]]></mp3><img><![CDATA[https://diafilmy.su/uploads/posts/2020-12/1607781275_chudodejnoe-kolechko-36.jpg]]></img><mp3><![CDATA[https://diafilmy.su/uploads/files/2021-01/1611850304_31.mp3]]></mp3><img><![CDATA[https://diafilmy.su/uploads/posts/2020-12/1607781304_chudodejnoe-kolechko-37.jpg]]></img><mp3><![CDATA[https://diafilmy.su/uploads/files/2021-01/1611850228_32.mp3]]></mp3><img><![CDATA[https://diafilmy.su/uploads/posts/2020-12/1607781278_chudodejnoe-kolechko-38.jpg]]></img><mp3><![CDATA[https://diafilmy.su/uploads/files/2021-01/1611850311_33.mp3]]></mp3><img><![CDATA[https://diafilmy.su/uploads/posts/2020-12/1607781264_chudodejnoe-kolechko-39.jpg]]></img><mp3><![CDATA[https://diafilmy.su/uploads/files/2021-01/1611850314_34.mp3]]></mp3><img><![CDATA[https://diafilmy.su/uploads/posts/2020-12/1607781323_chudodejnoe-kolechko-40.jpg]]></img><mp3><![CDATA[https://diafilmy.su/uploads/files/2021-01/1611850244_35.mp3]]></mp3><img><![CDATA[https://diafilmy.su/uploads/posts/2020-12/1607781255_chudodejnoe-kolechko-41.jpg]]></img><mp3><![CDATA[https://diafilmy.su/uploads/files/2021-01/1611850240_36.mp3]]></mp3><img><![CDATA[https://diafilmy.su/uploads/posts/2020-12/1607781296_chudodejnoe-kolechko-42.jpg]]></img><mp3><![CDATA[https://diafilmy.su/uploads/files/2021-01/1611850275_37.mp3]]></mp3><img><![CDATA[https://diafilmy.su/uploads/posts/2020-12/1607781228_chudodejnoe-kolechko-43.jpg]]></img><mp3><![CDATA[https://diafilmy.su/uploads/files/2021-01/1611850261_38.mp3]]></mp3><img><![CDATA[https://diafilmy.su/uploads/posts/2020-12/1607781313_chudodejnoe-kolechko-44.jpg]]></img><mp3><![CDATA[https://diafilmy.su/uploads/files/2021-01/1611850232_39.mp3]]></mp3><img><![CDATA[https://diafilmy.su/uploads/posts/2020-12/1607781293_chudodejnoe-kolechko-45.jpg]]></img><mp3><![CDATA[https://diafilmy.su/uploads/files/2021-01/1611850253_40.mp3]]></mp3><img><![CDATA[https://diafilmy.su/uploads/posts/2020-12/1607781307_chudodejnoe-kolechko-46.jpg]]></img><mp3><![CDATA[https://diafilmy.su/uploads/files/2021-01/1611850318_41.mp3]]></mp3><img><![CDATA[https://diafilmy.su/uploads/posts/2020-12/1607781251_chudodejnoe-kolechko-47.jpg]]></img><mp3><![CDATA[https://diafilmy.su/uploads/files/2021-01/1611850299_42.mp3]]></mp3><img><![CDATA[https://diafilmy.su/uploads/posts/2020-12/1607781232_chudodejnoe-kolechko-48.jpg]]></img><mp3><![CDATA[https://diafilmy.su/uploads/files/2021-01/1611850261_43.mp3]]></mp3><img><![CDATA[https://diafilmy.su/uploads/posts/2020-12/1607781317_chudodejnoe-kolechko-49.jpg]]></img><mp3><![CDATA[https://diafilmy.su/uploads/files/2021-01/1611850309_44.mp3]]></mp3><img><![CDATA[https://diafilmy.su/uploads/posts/2020-12/1607781268_chudodejnoe-kolechko-50.jpg]]></img><mp3><![CDATA[https://diafilmy.su/uploads/files/2021-01/1611850302_45.mp3]]></mp3><img><![CDATA[https://diafilmy.su/uploads/posts/2020-12/1607781323_chudodejnoe-kolechko-51.jpg]]></img><mp3><![CDATA[https://diafilmy.su/uploads/files/2021-01/1611850312_46.mp3]]></mp3><img><![CDATA[https://diafilmy.su/uploads/posts/2020-12/1607781242_chudodejnoe-kolechko-52.jpg]]></img><mp3><![CDATA[https://diafilmy.su/uploads/files/2021-01/1611850246_47.mp3]]></mp3><img><![CDATA[https://diafilmy.su/uploads/posts/2020-12/1607781242_chudodejnoe-kolechko-53.jpg]]></img><mp3><![CDATA[https://diafilmy.su/uploads/files/2021-01/1611850259_48.mp3]]></mp3><img><![CDATA[https://diafilmy.su/uploads/posts/2020-12/1607781258_chudodejnoe-kolechko-54.jpg]]></img><mp3></mp3></imgs></data>