<?xml version="1.0" encoding="utf-8"?><data><title><![CDATA[Крапивная горка]]></title><url><![CDATA[https://diafilmy.su/532-krapivnaya-gorka.html]]></url><imgs><img><![CDATA[https://diafilmy.su/uploads/posts/2011-08/1313914123_01.jpg]]></img><mp3></mp3><img><![CDATA[https://diafilmy.su/uploads/posts/2011-08/1313914170_02.jpg]]></img><mp3></mp3><img><![CDATA[https://diafilmy.su/uploads/posts/2011-08/1313914143_03.jpg]]></img><mp3></mp3><img><![CDATA[https://diafilmy.su/uploads/posts/2011-08/1313914188_p_0005.jpg]]></img><mp3></mp3><img><![CDATA[https://diafilmy.su/uploads/posts/2011-08/1313914141_p_0007.jpg]]></img><mp3></mp3><img><![CDATA[https://diafilmy.su/uploads/posts/2011-08/1313914178_p_0008.jpg]]></img><mp3></mp3><img><![CDATA[https://diafilmy.su/uploads/posts/2011-08/1313914134_p_0009.jpg]]></img><mp3></mp3><img><![CDATA[https://diafilmy.su/uploads/posts/2011-08/1313914149_p_0010.jpg]]></img><mp3></mp3><img><![CDATA[https://diafilmy.su/uploads/posts/2011-08/1313914206_p_0011.jpg]]></img><mp3></mp3><img><![CDATA[https://diafilmy.su/uploads/posts/2011-08/1313914121_p_0012.jpg]]></img><mp3></mp3><img><![CDATA[https://diafilmy.su/uploads/posts/2011-08/1313914144_p_0013.jpg]]></img><mp3></mp3><img><![CDATA[https://diafilmy.su/uploads/posts/2011-08/1313914140_p_0014.jpg]]></img><mp3></mp3><img><![CDATA[https://diafilmy.su/uploads/posts/2011-08/1313914131_p_0015.jpg]]></img><mp3></mp3><img><![CDATA[https://diafilmy.su/uploads/posts/2011-08/1313914179_p_0016.jpg]]></img><mp3></mp3><img><![CDATA[https://diafilmy.su/uploads/posts/2011-08/1313914197_p_0017.jpg]]></img><mp3></mp3><img><![CDATA[https://diafilmy.su/uploads/posts/2011-08/1313914145_p_0018.jpg]]></img><mp3></mp3><img><![CDATA[https://diafilmy.su/uploads/posts/2011-08/1313914207_p_0019.jpg]]></img><mp3></mp3><img><![CDATA[https://diafilmy.su/uploads/posts/2011-08/1313914171_p_0020.jpg]]></img><mp3></mp3><img><![CDATA[https://diafilmy.su/uploads/posts/2011-08/1313914119_p_0021.jpg]]></img><mp3></mp3><img><![CDATA[https://diafilmy.su/uploads/posts/2011-08/1313914196_p_0022.jpg]]></img><mp3></mp3><img><![CDATA[https://diafilmy.su/uploads/posts/2011-08/1313914160_p_0023.jpg]]></img><mp3></mp3><img><![CDATA[https://diafilmy.su/uploads/posts/2011-08/1313914196_p_0024.jpg]]></img><mp3></mp3><img><![CDATA[https://diafilmy.su/uploads/posts/2011-08/1313914167_p_0025.jpg]]></img><mp3></mp3><img><![CDATA[https://diafilmy.su/uploads/posts/2011-08/1313914145_p_0026.jpg]]></img><mp3></mp3><img><![CDATA[https://diafilmy.su/uploads/posts/2011-08/1313914160_p_0027.jpg]]></img><mp3></mp3><img><![CDATA[https://diafilmy.su/uploads/posts/2011-08/1313914196_p_0028.jpg]]></img><mp3></mp3><img><![CDATA[https://diafilmy.su/uploads/posts/2011-08/1313914194_p_0029.jpg]]></img><mp3></mp3><img><![CDATA[https://diafilmy.su/uploads/posts/2011-08/1313914198_p_0030.jpg]]></img><mp3></mp3><img><![CDATA[https://diafilmy.su/uploads/posts/2011-08/1313914136_p_0031.jpg]]></img><mp3></mp3><img><![CDATA[https://diafilmy.su/uploads/posts/2011-08/1313914129_p_0032.jpg]]></img><mp3></mp3><img><![CDATA[https://diafilmy.su/uploads/posts/2011-08/1313914144_p_0033.jpg]]></img><mp3></mp3><img><![CDATA[https://diafilmy.su/uploads/posts/2011-08/1313914158_p_0034.jpg]]></img><mp3></mp3><img><![CDATA[https://diafilmy.su/uploads/posts/2011-08/1313914166_p_0035.jpg]]></img><mp3></mp3><img><![CDATA[https://diafilmy.su/uploads/posts/2011-08/1313914148_p_0036.jpg]]></img><mp3></mp3><img><![CDATA[https://diafilmy.su/uploads/posts/2011-08/1313914198_p_0037.jpg]]></img><mp3></mp3><img><![CDATA[https://diafilmy.su/uploads/posts/2011-08/1313914164_p_0038.jpg]]></img><mp3></mp3><img><![CDATA[https://diafilmy.su/uploads/posts/2011-08/1313914201_p_0039.jpg]]></img><mp3></mp3><img><![CDATA[https://diafilmy.su/uploads/posts/2011-08/1313914180_p_0040.jpg]]></img><mp3></mp3><img><![CDATA[https://diafilmy.su/uploads/posts/2011-08/1313914216_p_0041.jpg]]></img><mp3></mp3><img><![CDATA[https://diafilmy.su/uploads/posts/2011-08/1313914213_p_0042.jpg]]></img><mp3></mp3><img><![CDATA[https://diafilmy.su/uploads/posts/2011-08/1313914194_p_0043.jpg]]></img><mp3></mp3><img><![CDATA[https://diafilmy.su/uploads/posts/2011-08/1313914148_p_0044.jpg]]></img><mp3></mp3><img><![CDATA[https://diafilmy.su/uploads/posts/2011-08/1313914143_p_0045.jpg]]></img><mp3></mp3></imgs></data>