<?xml version="1.0" encoding="utf-8"?><data><title><![CDATA[Заповедник сказок]]></title><url><![CDATA[https://diafilmy.su/1707-zapovednik-skazok.html]]></url><imgs><img><![CDATA[https://diafilmy.su/uploads/posts/2013-03/1362840972_zapovedn_skazok_diaf_1.jpg]]></img><mp3></mp3><img><![CDATA[https://diafilmy.su/uploads/posts/2013-03/1362840911_zapovedn_skazok_diaf_2.jpg]]></img><mp3></mp3><img><![CDATA[https://diafilmy.su/uploads/posts/2013-03/1362840926_zapovedn_skazok_diaf_3.jpg]]></img><mp3></mp3><img><![CDATA[https://diafilmy.su/uploads/posts/2013-03/1362840991_zapovedn_skazok_diaf_4.jpg]]></img><mp3></mp3><img><![CDATA[https://diafilmy.su/uploads/posts/2013-03/1362840983_zapovedn_skazok_diaf_5.jpg]]></img><mp3></mp3><img><![CDATA[https://diafilmy.su/uploads/posts/2013-03/1362840936_zapovedn_skazok_diaf_6.jpg]]></img><mp3></mp3><img><![CDATA[https://diafilmy.su/uploads/posts/2013-03/1362840924_zapovedn_skazok_diaf_7.jpg]]></img><mp3></mp3><img><![CDATA[https://diafilmy.su/uploads/posts/2013-03/1362840960_zapovedn_skazok_diaf_8.jpg]]></img><mp3></mp3><img><![CDATA[https://diafilmy.su/uploads/posts/2013-03/1362840946_zapovedn_skazok_diaf_9.jpg]]></img><mp3></mp3><img><![CDATA[https://diafilmy.su/uploads/posts/2013-03/1362840950_zapovedn_skazok_diaf_10.jpg]]></img><mp3></mp3><img><![CDATA[https://diafilmy.su/uploads/posts/2013-03/1362841006_zapovedn_skazok_diaf_11.jpg]]></img><mp3></mp3><img><![CDATA[https://diafilmy.su/uploads/posts/2013-03/1362840972_zapovedn_skazok_diaf_12.jpg]]></img><mp3></mp3><img><![CDATA[https://diafilmy.su/uploads/posts/2013-03/1362840977_zapovedn_skazok_diaf_13.jpg]]></img><mp3></mp3><img><![CDATA[https://diafilmy.su/uploads/posts/2013-03/1362840926_zapovedn_skazok_diaf_14.jpg]]></img><mp3></mp3><img><![CDATA[https://diafilmy.su/uploads/posts/2013-03/1362840918_zapovedn_skazok_diaf_15.jpg]]></img><mp3></mp3><img><![CDATA[https://diafilmy.su/uploads/posts/2013-03/1362840927_zapovedn_skazok_diaf_16.jpg]]></img><mp3></mp3><img><![CDATA[https://diafilmy.su/uploads/posts/2013-03/1362840947_zapovedn_skazok_diaf_17.jpg]]></img><mp3></mp3><img><![CDATA[https://diafilmy.su/uploads/posts/2013-03/1362840930_zapovedn_skazok_diaf_18.jpg]]></img><mp3></mp3><img><![CDATA[https://diafilmy.su/uploads/posts/2013-03/1362840986_zapovedn_skazok_diaf_19.jpg]]></img><mp3></mp3><img><![CDATA[https://diafilmy.su/uploads/posts/2013-03/1362840944_zapovedn_skazok_diaf_20.jpg]]></img><mp3></mp3><img><![CDATA[https://diafilmy.su/uploads/posts/2013-03/1362840952_zapovedn_skazok_diaf_21.jpg]]></img><mp3></mp3><img><![CDATA[https://diafilmy.su/uploads/posts/2013-03/1362840935_zapovedn_skazok_diaf_22.jpg]]></img><mp3></mp3><img><![CDATA[https://diafilmy.su/uploads/posts/2013-03/1362840955_zapovedn_skazok_diaf_23.jpg]]></img><mp3></mp3><img><![CDATA[https://diafilmy.su/uploads/posts/2013-03/1362840981_zapovedn_skazok_diaf_24.jpg]]></img><mp3></mp3><img><![CDATA[https://diafilmy.su/uploads/posts/2013-03/1362840977_zapovedn_skazok_diaf_25.jpg]]></img><mp3></mp3><img><![CDATA[https://diafilmy.su/uploads/posts/2013-03/1362840948_zapovedn_skazok_diaf_26.jpg]]></img><mp3></mp3><img><![CDATA[https://diafilmy.su/uploads/posts/2013-03/1362841028_zapovedn_skazok_diaf_27.jpg]]></img><mp3></mp3><img><![CDATA[https://diafilmy.su/uploads/posts/2013-03/1362841001_zapovedn_skazok_diaf_28.jpg]]></img><mp3></mp3><img><![CDATA[https://diafilmy.su/uploads/posts/2013-03/1362840945_zapovedn_skazok_diaf_29.jpg]]></img><mp3></mp3><img><![CDATA[https://diafilmy.su/uploads/posts/2013-03/1362840967_zapovedn_skazok_diaf_30.jpg]]></img><mp3></mp3><img><![CDATA[https://diafilmy.su/uploads/posts/2013-03/1362840997_zapovedn_skazok_diaf_31.jpg]]></img><mp3></mp3><img><![CDATA[https://diafilmy.su/uploads/posts/2013-03/1362840968_zapovedn_skazok_diaf_32.jpg]]></img><mp3></mp3><img><![CDATA[https://diafilmy.su/uploads/posts/2013-03/1362840953_zapovedn_skazok_diaf_33.jpg]]></img><mp3></mp3><img><![CDATA[https://diafilmy.su/uploads/posts/2013-03/1362840938_zapovedn_skazok_diaf_34.jpg]]></img><mp3></mp3><img><![CDATA[https://diafilmy.su/uploads/posts/2013-03/1362840971_zapovedn_skazok_diaf_35.jpg]]></img><mp3></mp3><img><![CDATA[https://diafilmy.su/uploads/posts/2013-03/1362840937_zapovedn_skazok_diaf_36.jpg]]></img><mp3></mp3><img><![CDATA[https://diafilmy.su/uploads/posts/2013-03/1362841003_zapovedn_skazok_diaf_37.jpg]]></img><mp3></mp3><img><![CDATA[https://diafilmy.su/uploads/posts/2013-03/1362840947_zapovedn_skazok_diaf_38.jpg]]></img><mp3></mp3><img><![CDATA[https://diafilmy.su/uploads/posts/2013-03/1362840949_zapovedn_skazok_diaf_39.jpg]]></img><mp3></mp3><img><![CDATA[https://diafilmy.su/uploads/posts/2013-03/1362841030_zapovedn_skazok_diaf_40.jpg]]></img><mp3></mp3><img><![CDATA[https://diafilmy.su/uploads/posts/2013-03/1362841038_zapovedn_skazok_diaf_41.jpg]]></img><mp3></mp3><img><![CDATA[https://diafilmy.su/uploads/posts/2013-03/1362841032_zapovedn_skazok_diaf_42.jpg]]></img><mp3></mp3><img><![CDATA[https://diafilmy.su/uploads/posts/2013-03/1362840965_zapovedn_skazok_diaf_43.jpg]]></img><mp3></mp3><img><![CDATA[https://diafilmy.su/uploads/posts/2013-03/1362841010_zapovedn_skazok_diaf_44.jpg]]></img><mp3></mp3><img><![CDATA[https://diafilmy.su/uploads/posts/2013-03/1362840982_zapovedn_skazok_diaf_45.jpg]]></img><mp3></mp3><img><![CDATA[https://diafilmy.su/uploads/posts/2013-03/1362840978_zapovedn_skazok_diaf_46.jpg]]></img><mp3></mp3><img><![CDATA[https://diafilmy.su/uploads/posts/2013-03/1362840992_zapovedn_skazok_diaf_47.jpg]]></img><mp3></mp3><img><![CDATA[https://diafilmy.su/uploads/posts/2013-03/1362840986_zapovedn_skazok_diaf_48.jpg]]></img><mp3></mp3><img><![CDATA[https://diafilmy.su/uploads/posts/2013-03/1362840966_zapovedn_skazok_diaf_49.jpg]]></img><mp3></mp3><img><![CDATA[https://diafilmy.su/uploads/posts/2013-03/1362840995_zapovedn_skazok_diaf_50.jpg]]></img><mp3></mp3><img><![CDATA[https://diafilmy.su/uploads/posts/2013-03/1362841013_zapovedn_skazok_diaf_51.jpg]]></img><mp3></mp3><img><![CDATA[https://diafilmy.su/uploads/posts/2013-03/1362841030_zapovedn_skazok_diaf_52.jpg]]></img><mp3></mp3><img><![CDATA[https://diafilmy.su/uploads/posts/2013-03/1362841014_zapovedn_skazok_diaf_53.jpg]]></img><mp3></mp3><img><![CDATA[https://diafilmy.su/uploads/posts/2013-03/1362840995_zapovedn_skazok_diaf_54.jpg]]></img><mp3></mp3><img><![CDATA[https://diafilmy.su/uploads/posts/2013-03/1362840981_zapovedn_skazok_diaf_55.jpg]]></img><mp3></mp3><img><![CDATA[https://diafilmy.su/uploads/posts/2013-03/1362841056_zapovedn_skazok_diaf_56.jpg]]></img><mp3></mp3><img><![CDATA[https://diafilmy.su/uploads/posts/2013-03/1362840986_zapovedn_skazok_diaf_57.jpg]]></img><mp3></mp3><img><![CDATA[https://diafilmy.su/uploads/posts/2013-03/1362841054_zapovedn_skazok_diaf_58.jpg]]></img><mp3></mp3><img><![CDATA[https://diafilmy.su/uploads/posts/2013-03/1362841043_zapovedn_skazok_diaf_59.jpg]]></img><mp3></mp3><img><![CDATA[https://diafilmy.su/uploads/posts/2013-03/1362841034_zapovedn_skazok_diaf_60.jpg]]></img><mp3></mp3><img><![CDATA[https://diafilmy.su/uploads/posts/2013-03/1362840966_zapovedn_skazok_diaf_61.jpg]]></img><mp3></mp3><img><![CDATA[https://diafilmy.su/uploads/posts/2013-03/1362841033_zapovedn_skazok_diaf_62.jpg]]></img><mp3></mp3><img><![CDATA[https://diafilmy.su/uploads/posts/2013-03/1362841038_zapovedn_skazok_diaf_63.jpg]]></img><mp3></mp3><img><![CDATA[https://diafilmy.su/uploads/posts/2013-03/1362840978_zapovedn_skazok_diaf_64.jpg]]></img><mp3></mp3><img><![CDATA[https://diafilmy.su/uploads/posts/2013-03/1362841064_zapovedn_skazok_diaf_65.jpg]]></img><mp3></mp3><img><![CDATA[https://diafilmy.su/uploads/posts/2013-03/1362841050_zapovedn_skazok_diaf_66.jpg]]></img><mp3></mp3><img><![CDATA[https://diafilmy.su/uploads/posts/2013-03/1362841045_zapovedn_skazok_diaf_67.jpg]]></img><mp3></mp3><img><![CDATA[https://diafilmy.su/uploads/posts/2013-03/1362840988_zapovedn_skazok_diaf_68.jpg]]></img><mp3></mp3></imgs></data>