<?xml version="1.0" encoding="utf-8"?><data><title><![CDATA[Рассеянный волшебник]]></title><url><![CDATA[https://diafilmy.su/7902-rassejannyj-volshebnik.html]]></url><imgs><img><![CDATA[https://diafilmy.su/uploads/posts/2021-07/1626153739_pict-pb-01.jpg]]></img><mp3></mp3><img><![CDATA[https://diafilmy.su/uploads/posts/2021-07/1626153656_pict-pb-02.jpg]]></img><mp3></mp3><img><![CDATA[https://diafilmy.su/uploads/posts/2021-07/1626153682_pict-pb-03.jpg]]></img><mp3></mp3><img><![CDATA[https://diafilmy.su/uploads/posts/2021-07/1626153727_pict-pb-04.jpg]]></img><mp3></mp3><img><![CDATA[https://diafilmy.su/uploads/posts/2021-07/1626153654_pict-pb-05.jpg]]></img><mp3></mp3><img><![CDATA[https://diafilmy.su/uploads/posts/2021-07/1626153721_pict-pb-06.jpg]]></img><mp3></mp3><img><![CDATA[https://diafilmy.su/uploads/posts/2021-07/1626153732_pict-pb-07.jpg]]></img><mp3></mp3><img><![CDATA[https://diafilmy.su/uploads/posts/2021-07/1626153723_pict-pb-08.jpg]]></img><mp3></mp3><img><![CDATA[https://diafilmy.su/uploads/posts/2021-07/1626153704_pict-pb-09.jpg]]></img><mp3></mp3><img><![CDATA[https://diafilmy.su/uploads/posts/2021-07/1626153705_pict-pb-10.jpg]]></img><mp3></mp3><img><![CDATA[https://diafilmy.su/uploads/posts/2021-07/1626153665_pict-pb-11.jpg]]></img><mp3></mp3><img><![CDATA[https://diafilmy.su/uploads/posts/2021-07/1626153750_pict-pb-12.jpg]]></img><mp3></mp3><img><![CDATA[https://diafilmy.su/uploads/posts/2021-07/1626153714_pict-pb-13.jpg]]></img><mp3></mp3><img><![CDATA[https://diafilmy.su/uploads/posts/2021-07/1626153724_pict-pb-14.jpg]]></img><mp3></mp3><img><![CDATA[https://diafilmy.su/uploads/posts/2021-07/1626153758_pict-pb-15.jpg]]></img><mp3></mp3><img><![CDATA[https://diafilmy.su/uploads/posts/2021-07/1626153747_pict-pb-16.jpg]]></img><mp3></mp3><img><![CDATA[https://diafilmy.su/uploads/posts/2021-07/1626153690_pict-pb-17.jpg]]></img><mp3></mp3><img><![CDATA[https://diafilmy.su/uploads/posts/2021-07/1626153714_pict-pb-18.jpg]]></img><mp3></mp3><img><![CDATA[https://diafilmy.su/uploads/posts/2021-07/1626153756_pict-pb-19.jpg]]></img><mp3></mp3><img><![CDATA[https://diafilmy.su/uploads/posts/2021-07/1626153770_pict-pb-20.jpg]]></img><mp3></mp3><img><![CDATA[https://diafilmy.su/uploads/posts/2021-07/1626153760_pict-pb-21.jpg]]></img><mp3></mp3><img><![CDATA[https://diafilmy.su/uploads/posts/2021-07/1626153722_pict-pb-22.jpg]]></img><mp3></mp3><img><![CDATA[https://diafilmy.su/uploads/posts/2021-07/1626153761_pict-pb-23.jpg]]></img><mp3></mp3><img><![CDATA[https://diafilmy.su/uploads/posts/2021-07/1626153702_pict-pb-24.jpg]]></img><mp3></mp3><img><![CDATA[https://diafilmy.su/uploads/posts/2021-07/1626153769_pict-pb-25.jpg]]></img><mp3></mp3><img><![CDATA[https://diafilmy.su/uploads/posts/2021-07/1626153721_pict-pb-26.jpg]]></img><mp3></mp3><img><![CDATA[https://diafilmy.su/uploads/posts/2021-07/1626153734_pict-pb-27.jpg]]></img><mp3></mp3><img><![CDATA[https://diafilmy.su/uploads/posts/2021-07/1626153719_pict-pb-28.jpg]]></img><mp3></mp3><img><![CDATA[https://diafilmy.su/uploads/posts/2021-07/1626153794_pict-pb-29.jpg]]></img><mp3></mp3><img><![CDATA[https://diafilmy.su/uploads/posts/2021-07/1626153771_pict-pb-30.jpg]]></img><mp3></mp3><img><![CDATA[https://diafilmy.su/uploads/posts/2021-07/1626153737_pict-pb-31.jpg]]></img><mp3></mp3><img><![CDATA[https://diafilmy.su/uploads/posts/2021-07/1626153742_pict-pb-32.jpg]]></img><mp3></mp3><img><![CDATA[https://diafilmy.su/uploads/posts/2021-07/1626153776_pict-pb-33.jpg]]></img><mp3></mp3><img><![CDATA[https://diafilmy.su/uploads/posts/2021-07/1626153758_pict-pb-34.jpg]]></img><mp3></mp3><img><![CDATA[https://diafilmy.su/uploads/posts/2021-07/1626153763_pict-pb-35.jpg]]></img><mp3></mp3><img><![CDATA[https://diafilmy.su/uploads/posts/2021-07/1626153770_pict-pb-36.jpg]]></img><mp3></mp3><img><![CDATA[https://diafilmy.su/uploads/posts/2021-07/1626153786_pict-pb-37.jpg]]></img><mp3></mp3><img><![CDATA[https://diafilmy.su/uploads/posts/2021-07/1626153766_pict-pb-38.jpg]]></img><mp3></mp3><img><![CDATA[https://diafilmy.su/uploads/posts/2021-07/1626153753_pict-pb-39.jpg]]></img><mp3></mp3><img><![CDATA[https://diafilmy.su/uploads/posts/2021-07/1626153761_pict-pb-40.jpg]]></img><mp3></mp3><img><![CDATA[https://diafilmy.su/uploads/posts/2021-07/1626153721_pict-pb-41.jpg]]></img><mp3></mp3></imgs></data>