<?xml version="1.0" encoding="utf-8"?><data><title><![CDATA[Проказы старухи зимы]]></title><url><![CDATA[https://diafilmy.su/359-prokazy-staruhi-zimy.html]]></url><imgs><img><![CDATA[https://diafilmy.su/uploads/posts/2011-06/1308941602_1.jpg]]></img><mp3></mp3><img><![CDATA[https://diafilmy.su/uploads/posts/2011-06/1308941557_2.jpg]]></img><mp3></mp3><img><![CDATA[https://diafilmy.su/uploads/posts/2011-06/1308941612_3.jpg]]></img><mp3></mp3><img><![CDATA[https://diafilmy.su/uploads/posts/2011-06/1308941610_4.jpg]]></img><mp3></mp3><img><![CDATA[https://diafilmy.su/uploads/posts/2011-06/1308941530_5.jpg]]></img><mp3></mp3><img><![CDATA[https://diafilmy.su/uploads/posts/2011-06/1308941537_6.jpg]]></img><mp3></mp3><img><![CDATA[https://diafilmy.su/uploads/posts/2011-06/1308941611_7.jpg]]></img><mp3></mp3><img><![CDATA[https://diafilmy.su/uploads/posts/2011-06/1308941572_8.jpg]]></img><mp3></mp3><img><![CDATA[https://diafilmy.su/uploads/posts/2011-06/1308941599_9.jpg]]></img><mp3></mp3><img><![CDATA[https://diafilmy.su/uploads/posts/2011-06/1308941641_10.jpg]]></img><mp3></mp3><img><![CDATA[https://diafilmy.su/uploads/posts/2011-06/1308941587_11.jpg]]></img><mp3></mp3><img><![CDATA[https://diafilmy.su/uploads/posts/2011-06/1308941549_12.jpg]]></img><mp3></mp3><img><![CDATA[https://diafilmy.su/uploads/posts/2011-06/1308941585_13.jpg]]></img><mp3></mp3><img><![CDATA[https://diafilmy.su/uploads/posts/2011-06/1308941618_14.jpg]]></img><mp3></mp3><img><![CDATA[https://diafilmy.su/uploads/posts/2011-06/1308941614_15.jpg]]></img><mp3></mp3><img><![CDATA[https://diafilmy.su/uploads/posts/2011-06/1308941614_16.jpg]]></img><mp3></mp3><img><![CDATA[https://diafilmy.su/uploads/posts/2011-06/1308941606_17.jpg]]></img><mp3></mp3><img><![CDATA[https://diafilmy.su/uploads/posts/2011-06/1308941575_18.jpg]]></img><mp3></mp3><img><![CDATA[https://diafilmy.su/uploads/posts/2011-06/1308941612_19.jpg]]></img><mp3></mp3><img><![CDATA[https://diafilmy.su/uploads/posts/2011-06/1308941612_20.jpg]]></img><mp3></mp3><img><![CDATA[https://diafilmy.su/uploads/posts/2011-06/1308941583_21.jpg]]></img><mp3></mp3><img><![CDATA[https://diafilmy.su/uploads/posts/2011-06/1308941659_22.jpg]]></img><mp3></mp3><img><![CDATA[https://diafilmy.su/uploads/posts/2011-06/1308941595_23.jpg]]></img><mp3></mp3><img><![CDATA[https://diafilmy.su/uploads/posts/2011-06/1308941590_24.jpg]]></img><mp3></mp3><img><![CDATA[https://diafilmy.su/uploads/posts/2011-06/1308941655_25.jpg]]></img><mp3></mp3><img><![CDATA[https://diafilmy.su/uploads/posts/2011-06/1308941615_26.jpg]]></img><mp3></mp3><img><![CDATA[https://diafilmy.su/uploads/posts/2011-06/1308941646_27.jpg]]></img><mp3></mp3><img><![CDATA[https://diafilmy.su/uploads/posts/2011-06/1308941636_28.jpg]]></img><mp3></mp3><img><![CDATA[https://diafilmy.su/uploads/posts/2011-06/1308941669_29.jpg]]></img><mp3></mp3><img><![CDATA[https://diafilmy.su/uploads/posts/2011-06/1308941666_30.jpg]]></img><mp3></mp3><img><![CDATA[https://diafilmy.su/uploads/posts/2011-06/1308941605_31.jpg]]></img><mp3></mp3><img><![CDATA[https://diafilmy.su/uploads/posts/2011-06/1308941649_32.jpg]]></img><mp3></mp3><img><![CDATA[https://diafilmy.su/uploads/posts/2011-06/1308941690_33.jpg]]></img><mp3></mp3><img><![CDATA[https://diafilmy.su/uploads/posts/2011-06/1308941657_34.jpg]]></img><mp3></mp3><img><![CDATA[https://diafilmy.su/uploads/posts/2011-06/1308941630_35.jpg]]></img><mp3></mp3><img><![CDATA[https://diafilmy.su/uploads/posts/2011-06/1308941633_36.jpg]]></img><mp3></mp3><img><![CDATA[https://diafilmy.su/uploads/posts/2011-06/1308941657_37.jpg]]></img><mp3></mp3><img><![CDATA[https://diafilmy.su/uploads/posts/2011-06/1308941530_38.jpg]]></img><mp3></mp3></imgs></data>