<?xml version="1.0" encoding="utf-8"?><data><title><![CDATA[Чиполлино. Часть 2]]></title><url><![CDATA[https://diafilmy.su/78-chipollino-chast-2.html]]></url><imgs><img><![CDATA[https://diafilmy.su/uploads/posts/2014-03/1396207334_0001.jpg]]></img><mp3></mp3><img><![CDATA[https://diafilmy.su/uploads/posts/2014-03/1396207381_0002.jpg]]></img><mp3></mp3><img><![CDATA[https://diafilmy.su/uploads/posts/2014-03/1396207370_0004.jpg]]></img><mp3></mp3><img><![CDATA[https://diafilmy.su/uploads/posts/2014-03/1396207317_0005.jpg]]></img><mp3></mp3><img><![CDATA[https://diafilmy.su/uploads/posts/2014-03/1396207338_0006.jpg]]></img><mp3></mp3><img><![CDATA[https://diafilmy.su/uploads/posts/2014-03/1396207362_0007.jpg]]></img><mp3></mp3><img><![CDATA[https://diafilmy.su/uploads/posts/2014-03/1396207395_0008.jpg]]></img><mp3></mp3><img><![CDATA[https://diafilmy.su/uploads/posts/2014-03/1396207384_0009.jpg]]></img><mp3></mp3><img><![CDATA[https://diafilmy.su/uploads/posts/2014-03/1396207314_0010.jpg]]></img><mp3></mp3><img><![CDATA[https://diafilmy.su/uploads/posts/2014-03/1396207376_0011.jpg]]></img><mp3></mp3><img><![CDATA[https://diafilmy.su/uploads/posts/2014-03/1396207386_0012.jpg]]></img><mp3></mp3><img><![CDATA[https://diafilmy.su/uploads/posts/2014-03/1396207327_0013.jpg]]></img><mp3></mp3><img><![CDATA[https://diafilmy.su/uploads/posts/2014-03/1396207350_0014.jpg]]></img><mp3></mp3><img><![CDATA[https://diafilmy.su/uploads/posts/2014-03/1396207386_0015.jpg]]></img><mp3></mp3><img><![CDATA[https://diafilmy.su/uploads/posts/2014-03/1396207360_0016.jpg]]></img><mp3></mp3><img><![CDATA[https://diafilmy.su/uploads/posts/2014-03/1396207376_0017.jpg]]></img><mp3></mp3><img><![CDATA[https://diafilmy.su/uploads/posts/2014-03/1396207396_0018.jpg]]></img><mp3></mp3><img><![CDATA[https://diafilmy.su/uploads/posts/2014-03/1396207323_0019.jpg]]></img><mp3></mp3><img><![CDATA[https://diafilmy.su/uploads/posts/2014-03/1396207368_0020.jpg]]></img><mp3></mp3><img><![CDATA[https://diafilmy.su/uploads/posts/2014-03/1396207407_0021.jpg]]></img><mp3></mp3><img><![CDATA[https://diafilmy.su/uploads/posts/2014-03/1396207342_0022.jpg]]></img><mp3></mp3><img><![CDATA[https://diafilmy.su/uploads/posts/2014-03/1396207406_0023.jpg]]></img><mp3></mp3><img><![CDATA[https://diafilmy.su/uploads/posts/2014-03/1396207416_0024.jpg]]></img><mp3></mp3><img><![CDATA[https://diafilmy.su/uploads/posts/2014-03/1396207402_0025.jpg]]></img><mp3></mp3><img><![CDATA[https://diafilmy.su/uploads/posts/2014-03/1396207364_0026.jpg]]></img><mp3></mp3><img><![CDATA[https://diafilmy.su/uploads/posts/2014-03/1396207321_0027.jpg]]></img><mp3></mp3><img><![CDATA[https://diafilmy.su/uploads/posts/2014-03/1396207364_0028.jpg]]></img><mp3></mp3><img><![CDATA[https://diafilmy.su/uploads/posts/2014-03/1396207348_0029.jpg]]></img><mp3></mp3><img><![CDATA[https://diafilmy.su/uploads/posts/2014-03/1396207366_0030.jpg]]></img><mp3></mp3><img><![CDATA[https://diafilmy.su/uploads/posts/2014-03/1396207328_0031.jpg]]></img><mp3></mp3><img><![CDATA[https://diafilmy.su/uploads/posts/2014-03/1396207325_0032.jpg]]></img><mp3></mp3><img><![CDATA[https://diafilmy.su/uploads/posts/2014-03/1396207371_0033.jpg]]></img><mp3></mp3><img><![CDATA[https://diafilmy.su/uploads/posts/2014-03/1396207364_0034.jpg]]></img><mp3></mp3><img><![CDATA[https://diafilmy.su/uploads/posts/2014-03/1396207342_0035.jpg]]></img><mp3></mp3><img><![CDATA[https://diafilmy.su/uploads/posts/2014-03/1396207350_0036.jpg]]></img><mp3></mp3><img><![CDATA[https://diafilmy.su/uploads/posts/2014-03/1396207394_0037.jpg]]></img><mp3></mp3><img><![CDATA[https://diafilmy.su/uploads/posts/2014-03/1396207393_0038.jpg]]></img><mp3></mp3><img><![CDATA[https://diafilmy.su/uploads/posts/2014-03/1396207394_0039.jpg]]></img><mp3></mp3><img><![CDATA[https://diafilmy.su/uploads/posts/2014-03/1396207420_0040.jpg]]></img><mp3></mp3><img><![CDATA[https://diafilmy.su/uploads/posts/2014-03/1396207397_0041.jpg]]></img><mp3></mp3><img><![CDATA[https://diafilmy.su/uploads/posts/2014-03/1396207387_0042.jpg]]></img><mp3></mp3><img><![CDATA[https://diafilmy.su/uploads/posts/2014-03/1396207392_0043.jpg]]></img><mp3></mp3><img><![CDATA[https://diafilmy.su/uploads/posts/2014-03/1396207380_0044.jpg]]></img><mp3></mp3><img><![CDATA[https://diafilmy.su/uploads/posts/2014-03/1396207371_0045.jpg]]></img><mp3></mp3><img><![CDATA[https://diafilmy.su/uploads/posts/2014-03/1396207329_0046.jpg]]></img><mp3></mp3><img><![CDATA[https://diafilmy.su/uploads/posts/2014-03/1396207389_0047.jpg]]></img><mp3></mp3><img><![CDATA[https://diafilmy.su/uploads/posts/2014-03/1396207421_0048.jpg]]></img><mp3></mp3><img><![CDATA[https://diafilmy.su/uploads/posts/2014-03/1396207360_0049.jpg]]></img><mp3></mp3><img><![CDATA[https://diafilmy.su/uploads/posts/2014-03/1396207428_0050.jpg]]></img><mp3></mp3><img><![CDATA[https://diafilmy.su/uploads/posts/2014-03/1396207411_0051.jpg]]></img><mp3></mp3><img><![CDATA[https://diafilmy.su/uploads/posts/2014-03/1396207387_0052.jpg]]></img><mp3></mp3><img><![CDATA[https://diafilmy.su/uploads/posts/2014-03/1396207429_0053.jpg]]></img><mp3></mp3><img><![CDATA[https://diafilmy.su/uploads/posts/2014-03/1396207396_0054.jpg]]></img><mp3></mp3><img><![CDATA[https://diafilmy.su/uploads/posts/2014-03/1396207374_0055.jpg]]></img><mp3></mp3><img><![CDATA[https://diafilmy.su/uploads/posts/2014-03/1396207386_0056.jpg]]></img><mp3></mp3><img><![CDATA[https://diafilmy.su/uploads/posts/2014-03/1396207365_0057.jpg]]></img><mp3></mp3></imgs></data>