<?xml version="1.0" encoding="utf-8"?><data><title><![CDATA[Чудесные лапоточки]]></title><url><![CDATA[https://diafilmy.su/3017-chudesnye-lapotochki.html]]></url><imgs><img><![CDATA[https://diafilmy.su/uploads/posts/2015-03/1427314854_002.jpg]]></img><mp3></mp3><img><![CDATA[https://diafilmy.su/uploads/posts/2015-03/1427314836_003.jpg]]></img><mp3></mp3><img><![CDATA[https://diafilmy.su/uploads/posts/2015-03/1427314859_004.jpg]]></img><mp3></mp3><img><![CDATA[https://diafilmy.su/uploads/posts/2015-03/1427314812_005.jpg]]></img><mp3></mp3><img><![CDATA[https://diafilmy.su/uploads/posts/2015-03/1427314856_006.jpg]]></img><mp3></mp3><img><![CDATA[https://diafilmy.su/uploads/posts/2015-03/1427314890_007.jpg]]></img><mp3></mp3><img><![CDATA[https://diafilmy.su/uploads/posts/2015-03/1427314826_008.jpg]]></img><mp3></mp3><img><![CDATA[https://diafilmy.su/uploads/posts/2015-03/1427314894_009.jpg]]></img><mp3></mp3><img><![CDATA[https://diafilmy.su/uploads/posts/2015-03/1427314861_010.jpg]]></img><mp3></mp3><img><![CDATA[https://diafilmy.su/uploads/posts/2015-03/1427314851_011.jpg]]></img><mp3></mp3><img><![CDATA[https://diafilmy.su/uploads/posts/2015-03/1427314821_012.jpg]]></img><mp3></mp3><img><![CDATA[https://diafilmy.su/uploads/posts/2015-03/1427314873_013.jpg]]></img><mp3></mp3><img><![CDATA[https://diafilmy.su/uploads/posts/2015-03/1427314864_014.jpg]]></img><mp3></mp3><img><![CDATA[https://diafilmy.su/uploads/posts/2015-03/1427314863_015.jpg]]></img><mp3></mp3><img><![CDATA[https://diafilmy.su/uploads/posts/2015-03/1427314828_016.jpg]]></img><mp3></mp3><img><![CDATA[https://diafilmy.su/uploads/posts/2015-03/1427314901_017.jpg]]></img><mp3></mp3><img><![CDATA[https://diafilmy.su/uploads/posts/2015-03/1427314897_018.jpg]]></img><mp3></mp3><img><![CDATA[https://diafilmy.su/uploads/posts/2015-03/1427314843_019.jpg]]></img><mp3></mp3><img><![CDATA[https://diafilmy.su/uploads/posts/2015-03/1427314875_020.jpg]]></img><mp3></mp3><img><![CDATA[https://diafilmy.su/uploads/posts/2015-03/1427314835_021.jpg]]></img><mp3></mp3><img><![CDATA[https://diafilmy.su/uploads/posts/2015-03/1427314849_022.jpg]]></img><mp3></mp3><img><![CDATA[https://diafilmy.su/uploads/posts/2015-03/1427314864_023.jpg]]></img><mp3></mp3><img><![CDATA[https://diafilmy.su/uploads/posts/2015-03/1427314887_024.jpg]]></img><mp3></mp3><img><![CDATA[https://diafilmy.su/uploads/posts/2015-03/1427314883_025.jpg]]></img><mp3></mp3><img><![CDATA[https://diafilmy.su/uploads/posts/2015-03/1427314822_026.jpg]]></img><mp3></mp3><img><![CDATA[https://diafilmy.su/uploads/posts/2015-03/1427314838_027.jpg]]></img><mp3></mp3><img><![CDATA[https://diafilmy.su/uploads/posts/2015-03/1427314862_028.jpg]]></img><mp3></mp3><img><![CDATA[https://diafilmy.su/uploads/posts/2015-03/1427314828_029.jpg]]></img><mp3></mp3><img><![CDATA[https://diafilmy.su/uploads/posts/2015-03/1427314879_030.jpg]]></img><mp3></mp3><img><![CDATA[https://diafilmy.su/uploads/posts/2015-03/1427314871_031.jpg]]></img><mp3></mp3><img><![CDATA[https://diafilmy.su/uploads/posts/2015-03/1427314845_032.jpg]]></img><mp3></mp3><img><![CDATA[https://diafilmy.su/uploads/posts/2015-03/1427314861_033.jpg]]></img><mp3></mp3><img><![CDATA[https://diafilmy.su/uploads/posts/2015-03/1427314863_034.jpg]]></img><mp3></mp3><img><![CDATA[https://diafilmy.su/uploads/posts/2015-03/1427314890_035.jpg]]></img><mp3></mp3><img><![CDATA[https://diafilmy.su/uploads/posts/2015-03/1427314874_036.jpg]]></img><mp3></mp3><img><![CDATA[https://diafilmy.su/uploads/posts/2015-03/1427314828_037.jpg]]></img><mp3></mp3><img><![CDATA[https://diafilmy.su/uploads/posts/2015-03/1427314850_038.jpg]]></img><mp3></mp3><img><![CDATA[https://diafilmy.su/uploads/posts/2015-03/1427314874_039.jpg]]></img><mp3></mp3><img><![CDATA[https://diafilmy.su/uploads/posts/2015-03/1427314821_040.jpg]]></img><mp3></mp3><img><![CDATA[https://diafilmy.su/uploads/posts/2015-03/1427314853_041.jpg]]></img><mp3></mp3></imgs></data>