<?xml version="1.0" encoding="utf-8"?><data><title><![CDATA[Фотоэкран №6 1972г.]]></title><url><![CDATA[https://diafilmy.su/5723-fotojekran-6-1972.html]]></url><imgs><img><![CDATA[https://diafilmy.su/uploads/posts/2018-10/1540448437_00a.jpg]]></img><mp3></mp3><img><![CDATA[https://diafilmy.su/uploads/posts/2018-10/1540448398_00b.jpg]]></img><mp3></mp3><img><![CDATA[https://diafilmy.su/uploads/posts/2018-10/1540448418_00c.jpg]]></img><mp3></mp3><img><![CDATA[https://diafilmy.su/uploads/posts/2018-10/1540448453_01.jpg]]></img><mp3></mp3><img><![CDATA[https://diafilmy.su/uploads/posts/2018-10/1540448404_02.jpg]]></img><mp3></mp3><img><![CDATA[https://diafilmy.su/uploads/posts/2018-10/1540448438_03.jpg]]></img><mp3></mp3><img><![CDATA[https://diafilmy.su/uploads/posts/2018-10/1540448417_04.jpg]]></img><mp3></mp3><img><![CDATA[https://diafilmy.su/uploads/posts/2018-10/1540448417_05.jpg]]></img><mp3></mp3><img><![CDATA[https://diafilmy.su/uploads/posts/2018-10/1540448446_06.jpg]]></img><mp3></mp3><img><![CDATA[https://diafilmy.su/uploads/posts/2018-10/1540448444_07.jpg]]></img><mp3></mp3><img><![CDATA[https://diafilmy.su/uploads/posts/2018-10/1540448397_08.jpg]]></img><mp3></mp3><img><![CDATA[https://diafilmy.su/uploads/posts/2018-10/1540448375_09.jpg]]></img><mp3></mp3><img><![CDATA[https://diafilmy.su/uploads/posts/2018-10/1540448384_10.jpg]]></img><mp3></mp3><img><![CDATA[https://diafilmy.su/uploads/posts/2018-10/1540448396_11.jpg]]></img><mp3></mp3><img><![CDATA[https://diafilmy.su/uploads/posts/2018-10/1540448422_12.jpg]]></img><mp3></mp3><img><![CDATA[https://diafilmy.su/uploads/posts/2018-10/1540448409_13.jpg]]></img><mp3></mp3><img><![CDATA[https://diafilmy.su/uploads/posts/2018-10/1540448369_14.jpg]]></img><mp3></mp3><img><![CDATA[https://diafilmy.su/uploads/posts/2018-10/1540448387_15.jpg]]></img><mp3></mp3><img><![CDATA[https://diafilmy.su/uploads/posts/2018-10/1540448368_16.jpg]]></img><mp3></mp3><img><![CDATA[https://diafilmy.su/uploads/posts/2018-10/1540448400_17.jpg]]></img><mp3></mp3><img><![CDATA[https://diafilmy.su/uploads/posts/2018-10/1540448386_18.jpg]]></img><mp3></mp3><img><![CDATA[https://diafilmy.su/uploads/posts/2018-10/1540448449_19.jpg]]></img><mp3></mp3><img><![CDATA[https://diafilmy.su/uploads/posts/2018-10/1540448401_20.jpg]]></img><mp3></mp3><img><![CDATA[https://diafilmy.su/uploads/posts/2018-10/1540448391_21.jpg]]></img><mp3></mp3><img><![CDATA[https://diafilmy.su/uploads/posts/2018-10/1540448383_22.jpg]]></img><mp3></mp3><img><![CDATA[https://diafilmy.su/uploads/posts/2018-10/1540448441_23.jpg]]></img><mp3></mp3><img><![CDATA[https://diafilmy.su/uploads/posts/2018-10/1540448432_24.jpg]]></img><mp3></mp3><img><![CDATA[https://diafilmy.su/uploads/posts/2018-10/1540448438_25.jpg]]></img><mp3></mp3><img><![CDATA[https://diafilmy.su/uploads/posts/2018-10/1540448393_26.jpg]]></img><mp3></mp3><img><![CDATA[https://diafilmy.su/uploads/posts/2018-10/1540448456_27.jpg]]></img><mp3></mp3><img><![CDATA[https://diafilmy.su/uploads/posts/2018-10/1540448425_28.jpg]]></img><mp3></mp3><img><![CDATA[https://diafilmy.su/uploads/posts/2018-10/1540448407_29.jpg]]></img><mp3></mp3><img><![CDATA[https://diafilmy.su/uploads/posts/2018-10/1540448469_30.jpg]]></img><mp3></mp3><img><![CDATA[https://diafilmy.su/uploads/posts/2018-10/1540448444_31.jpg]]></img><mp3></mp3><img><![CDATA[https://diafilmy.su/uploads/posts/2018-10/1540448400_32.jpg]]></img><mp3></mp3><img><![CDATA[https://diafilmy.su/uploads/posts/2018-10/1540448415_33.jpg]]></img><mp3></mp3><img><![CDATA[https://diafilmy.su/uploads/posts/2018-10/1540448410_34.jpg]]></img><mp3></mp3><img><![CDATA[https://diafilmy.su/uploads/posts/2018-10/1540448443_35.jpg]]></img><mp3></mp3><img><![CDATA[https://diafilmy.su/uploads/posts/2018-10/1540448394_36.jpg]]></img><mp3></mp3><img><![CDATA[https://diafilmy.su/uploads/posts/2018-10/1540448453_37.jpg]]></img><mp3></mp3><img><![CDATA[https://diafilmy.su/uploads/posts/2018-10/1540448418_38.jpg]]></img><mp3></mp3><img><![CDATA[https://diafilmy.su/uploads/posts/2018-10/1540448439_39.jpg]]></img><mp3></mp3><img><![CDATA[https://diafilmy.su/uploads/posts/2018-10/1540448443_40.jpg]]></img><mp3></mp3><img><![CDATA[https://diafilmy.su/uploads/posts/2018-10/1540448459_41.jpg]]></img><mp3></mp3><img><![CDATA[https://diafilmy.su/uploads/posts/2018-10/1540448391_42.jpg]]></img><mp3></mp3><img><![CDATA[https://diafilmy.su/uploads/posts/2018-10/1540448418_43.jpg]]></img><mp3></mp3><img><![CDATA[https://diafilmy.su/uploads/posts/2018-10/1540448453_44.jpg]]></img><mp3></mp3><img><![CDATA[https://diafilmy.su/uploads/posts/2018-10/1540448470_45.jpg]]></img><mp3></mp3><img><![CDATA[https://diafilmy.su/uploads/posts/2018-10/1540448389_46.jpg]]></img><mp3></mp3><img><![CDATA[https://diafilmy.su/uploads/posts/2018-10/1540448477_47.jpg]]></img><mp3></mp3><img><![CDATA[https://diafilmy.su/uploads/posts/2018-10/1540448462_48.jpg]]></img><mp3></mp3><img><![CDATA[https://diafilmy.su/uploads/posts/2018-10/1540448409_49.jpg]]></img><mp3></mp3><img><![CDATA[https://diafilmy.su/uploads/posts/2018-10/1540448446_50.jpg]]></img><mp3></mp3><img><![CDATA[https://diafilmy.su/uploads/posts/2018-10/1540448395_51.jpg]]></img><mp3></mp3><img><![CDATA[https://diafilmy.su/uploads/posts/2018-10/1540448399_52.jpg]]></img><mp3></mp3><img><![CDATA[https://diafilmy.su/uploads/posts/2018-10/1540448482_53.jpg]]></img><mp3></mp3></imgs></data>