<?xml version="1.0" encoding="utf-8"?><data><title><![CDATA[Робин Гуд]]></title><url><![CDATA[https://diafilmy.su/6877-robin-gud.html]]></url><imgs><img><![CDATA[https://diafilmy.su/uploads/posts/2019-12/1577737868_robin-gud-1968-01.jpg]]></img><mp3></mp3><img><![CDATA[https://diafilmy.su/uploads/posts/2019-12/1577737886_robin-gud-1968-02.jpg]]></img><mp3></mp3><img><![CDATA[https://diafilmy.su/uploads/posts/2019-12/1577737885_robin-gud-1968-03.jpg]]></img><mp3></mp3><img><![CDATA[https://diafilmy.su/uploads/posts/2019-12/1577737899_robin-gud-1968-04.jpg]]></img><mp3></mp3><img><![CDATA[https://diafilmy.su/uploads/posts/2019-12/1577737934_robin-gud-1968-05.jpg]]></img><mp3></mp3><img><![CDATA[https://diafilmy.su/uploads/posts/2019-12/1577737864_robin-gud-1968-06.jpg]]></img><mp3></mp3><img><![CDATA[https://diafilmy.su/uploads/posts/2019-12/1577737954_robin-gud-1968-07.jpg]]></img><mp3></mp3><img><![CDATA[https://diafilmy.su/uploads/posts/2019-12/1577737934_robin-gud-1968-08.jpg]]></img><mp3></mp3><img><![CDATA[https://diafilmy.su/uploads/posts/2019-12/1577737919_robin-gud-1968-09.jpg]]></img><mp3></mp3><img><![CDATA[https://diafilmy.su/uploads/posts/2019-12/1577737959_robin-gud-1968-10.jpg]]></img><mp3></mp3><img><![CDATA[https://diafilmy.su/uploads/posts/2019-12/1577737918_robin-gud-1968-11.jpg]]></img><mp3></mp3><img><![CDATA[https://diafilmy.su/uploads/posts/2019-12/1577737940_robin-gud-1968-12.jpg]]></img><mp3></mp3><img><![CDATA[https://diafilmy.su/uploads/posts/2019-12/1577737945_robin-gud-1968-13.jpg]]></img><mp3></mp3><img><![CDATA[https://diafilmy.su/uploads/posts/2019-12/1577737935_robin-gud-1968-14.jpg]]></img><mp3></mp3><img><![CDATA[https://diafilmy.su/uploads/posts/2019-12/1577737922_robin-gud-1968-15.jpg]]></img><mp3></mp3><img><![CDATA[https://diafilmy.su/uploads/posts/2019-12/1577737931_robin-gud-1968-16.jpg]]></img><mp3></mp3><img><![CDATA[https://diafilmy.su/uploads/posts/2019-12/1577737948_robin-gud-1968-17.jpg]]></img><mp3></mp3><img><![CDATA[https://diafilmy.su/uploads/posts/2019-12/1577737925_robin-gud-1968-18.jpg]]></img><mp3></mp3><img><![CDATA[https://diafilmy.su/uploads/posts/2019-12/1577737965_robin-gud-1968-19.jpg]]></img><mp3></mp3><img><![CDATA[https://diafilmy.su/uploads/posts/2019-12/1577737964_robin-gud-1968-20.jpg]]></img><mp3></mp3><img><![CDATA[https://diafilmy.su/uploads/posts/2019-12/1577737953_robin-gud-1968-21.jpg]]></img><mp3></mp3><img><![CDATA[https://diafilmy.su/uploads/posts/2019-12/1577737889_robin-gud-1968-22.jpg]]></img><mp3></mp3><img><![CDATA[https://diafilmy.su/uploads/posts/2019-12/1577737968_robin-gud-1968-23.jpg]]></img><mp3></mp3><img><![CDATA[https://diafilmy.su/uploads/posts/2019-12/1577737930_robin-gud-1968-24.jpg]]></img><mp3></mp3><img><![CDATA[https://diafilmy.su/uploads/posts/2019-12/1577737947_robin-gud-1968-25.jpg]]></img><mp3></mp3><img><![CDATA[https://diafilmy.su/uploads/posts/2019-12/1577737899_robin-gud-1968-26.jpg]]></img><mp3></mp3><img><![CDATA[https://diafilmy.su/uploads/posts/2019-12/1577737947_robin-gud-1968-27.jpg]]></img><mp3></mp3><img><![CDATA[https://diafilmy.su/uploads/posts/2019-12/1577737914_robin-gud-1968-28.jpg]]></img><mp3></mp3><img><![CDATA[https://diafilmy.su/uploads/posts/2019-12/1577737932_robin-gud-1968-29.jpg]]></img><mp3></mp3><img><![CDATA[https://diafilmy.su/uploads/posts/2019-12/1577737965_robin-gud-1968-30.jpg]]></img><mp3></mp3><img><![CDATA[https://diafilmy.su/uploads/posts/2019-12/1577737891_robin-gud-1968-31.jpg]]></img><mp3></mp3><img><![CDATA[https://diafilmy.su/uploads/posts/2019-12/1577737893_robin-gud-1968-32.jpg]]></img><mp3></mp3><img><![CDATA[https://diafilmy.su/uploads/posts/2019-12/1577737919_robin-gud-1968-33.jpg]]></img><mp3></mp3><img><![CDATA[https://diafilmy.su/uploads/posts/2019-12/1577737959_robin-gud-1968-34.jpg]]></img><mp3></mp3><img><![CDATA[https://diafilmy.su/uploads/posts/2019-12/1577737927_robin-gud-1968-35.jpg]]></img><mp3></mp3><img><![CDATA[https://diafilmy.su/uploads/posts/2019-12/1577737900_robin-gud-1968-36.jpg]]></img><mp3></mp3><img><![CDATA[https://diafilmy.su/uploads/posts/2019-12/1577737913_robin-gud-1968-37.jpg]]></img><mp3></mp3><img><![CDATA[https://diafilmy.su/uploads/posts/2019-12/1577737910_robin-gud-1968-38.jpg]]></img><mp3></mp3><img><![CDATA[https://diafilmy.su/uploads/posts/2019-12/1577737889_robin-gud-1968-39.jpg]]></img><mp3></mp3><img><![CDATA[https://diafilmy.su/uploads/posts/2019-12/1577737961_robin-gud-1968-40.jpg]]></img><mp3></mp3><img><![CDATA[https://diafilmy.su/uploads/posts/2019-12/1577737961_robin-gud-1968-41.jpg]]></img><mp3></mp3><img><![CDATA[https://diafilmy.su/uploads/posts/2019-12/1577737978_robin-gud-1968-42.jpg]]></img><mp3></mp3><img><![CDATA[https://diafilmy.su/uploads/posts/2019-12/1577737929_robin-gud-1968-43.jpg]]></img><mp3></mp3><img><![CDATA[https://diafilmy.su/uploads/posts/2019-12/1577737955_robin-gud-1968-44.jpg]]></img><mp3></mp3><img><![CDATA[https://diafilmy.su/uploads/posts/2019-12/1577737886_robin-gud-1968-45.jpg]]></img><mp3></mp3><img><![CDATA[https://diafilmy.su/uploads/posts/2019-12/1577737886_robin-gud-1968-46.jpg]]></img><mp3></mp3><img><![CDATA[https://diafilmy.su/uploads/posts/2019-12/1577737942_robin-gud-1968-47.jpg]]></img><mp3></mp3><img><![CDATA[https://diafilmy.su/uploads/posts/2019-12/1577737935_robin-gud-1968-48.jpg]]></img><mp3></mp3><img><![CDATA[https://diafilmy.su/uploads/posts/2019-12/1577737968_robin-gud-1968-49.jpg]]></img><mp3></mp3><img><![CDATA[https://diafilmy.su/uploads/posts/2019-12/1577737932_robin-gud-1968-50.jpg]]></img><mp3></mp3><img><![CDATA[https://diafilmy.su/uploads/posts/2019-12/1577737957_robin-gud-1968-51.jpg]]></img><mp3></mp3><img><![CDATA[https://diafilmy.su/uploads/posts/2019-12/1577737945_robin-gud-1968-52.jpg]]></img><mp3></mp3><img><![CDATA[https://diafilmy.su/uploads/posts/2019-12/1577737971_robin-gud-1968-53.jpg]]></img><mp3></mp3><img><![CDATA[https://diafilmy.su/uploads/posts/2019-12/1577737939_robin-gud-1968-54.jpg]]></img><mp3></mp3><img><![CDATA[https://diafilmy.su/uploads/posts/2019-12/1577737924_robin-gud-1968-55.jpg]]></img><mp3></mp3></imgs></data>