<?xml version="1.0" encoding="utf-8"?><data><title><![CDATA[Приключения Кьодино]]></title><url><![CDATA[https://diafilmy.su/7744-prikljuchenija-kodino.html]]></url><imgs><img><![CDATA[https://diafilmy.su/uploads/posts/2021-07/1625551947_1.jpg]]></img><mp3></mp3><img><![CDATA[https://diafilmy.su/uploads/posts/2021-07/1625552003_2.jpg]]></img><mp3></mp3><img><![CDATA[https://diafilmy.su/uploads/posts/2021-07/1625551947_3.jpg]]></img><mp3></mp3><img><![CDATA[https://diafilmy.su/uploads/posts/2021-07/1625551954_4.jpg]]></img><mp3></mp3><img><![CDATA[https://diafilmy.su/uploads/posts/2021-07/1625551967_5.jpg]]></img><mp3></mp3><img><![CDATA[https://diafilmy.su/uploads/posts/2021-07/1625551978_6.jpg]]></img><mp3></mp3><img><![CDATA[https://diafilmy.su/uploads/posts/2021-07/1625552038_7.jpg]]></img><mp3></mp3><img><![CDATA[https://diafilmy.su/uploads/posts/2021-07/1625551952_8.jpg]]></img><mp3></mp3><img><![CDATA[https://diafilmy.su/uploads/posts/2021-07/1625552049_9.jpg]]></img><mp3></mp3><img><![CDATA[https://diafilmy.su/uploads/posts/2021-07/1625551990_10.jpg]]></img><mp3></mp3><img><![CDATA[https://diafilmy.su/uploads/posts/2021-07/1625552006_11.jpg]]></img><mp3></mp3><img><![CDATA[https://diafilmy.su/uploads/posts/2021-07/1625551977_12.jpg]]></img><mp3></mp3><img><![CDATA[https://diafilmy.su/uploads/posts/2021-07/1625552032_13.jpg]]></img><mp3></mp3><img><![CDATA[https://diafilmy.su/uploads/posts/2021-07/1625552000_14.jpg]]></img><mp3></mp3><img><![CDATA[https://diafilmy.su/uploads/posts/2021-07/1625551958_15.jpg]]></img><mp3></mp3><img><![CDATA[https://diafilmy.su/uploads/posts/2021-07/1625551963_16.jpg]]></img><mp3></mp3><img><![CDATA[https://diafilmy.su/uploads/posts/2021-07/1625552038_17.jpg]]></img><mp3></mp3><img><![CDATA[https://diafilmy.su/uploads/posts/2021-07/1625552035_18.jpg]]></img><mp3></mp3><img><![CDATA[https://diafilmy.su/uploads/posts/2021-07/1625552018_19.jpg]]></img><mp3></mp3><img><![CDATA[https://diafilmy.su/uploads/posts/2021-07/1625552044_20.jpg]]></img><mp3></mp3><img><![CDATA[https://diafilmy.su/uploads/posts/2021-07/1625552038_21.jpg]]></img><mp3></mp3><img><![CDATA[https://diafilmy.su/uploads/posts/2021-07/1625552045_22.jpg]]></img><mp3></mp3><img><![CDATA[https://diafilmy.su/uploads/posts/2021-07/1625551988_23.jpg]]></img><mp3></mp3><img><![CDATA[https://diafilmy.su/uploads/posts/2021-07/1625552027_24.jpg]]></img><mp3></mp3><img><![CDATA[https://diafilmy.su/uploads/posts/2021-07/1625552017_25.jpg]]></img><mp3></mp3><img><![CDATA[https://diafilmy.su/uploads/posts/2021-07/1625552050_26.jpg]]></img><mp3></mp3><img><![CDATA[https://diafilmy.su/uploads/posts/2021-07/1625552039_27.jpg]]></img><mp3></mp3><img><![CDATA[https://diafilmy.su/uploads/posts/2021-07/1625552009_28.jpg]]></img><mp3></mp3><img><![CDATA[https://diafilmy.su/uploads/posts/2021-07/1625552047_29.jpg]]></img><mp3></mp3><img><![CDATA[https://diafilmy.su/uploads/posts/2021-07/1625552008_30.jpg]]></img><mp3></mp3><img><![CDATA[https://diafilmy.su/uploads/posts/2021-07/1625551982_31.jpg]]></img><mp3></mp3><img><![CDATA[https://diafilmy.su/uploads/posts/2021-07/1625552038_32.jpg]]></img><mp3></mp3><img><![CDATA[https://diafilmy.su/uploads/posts/2021-07/1625552018_33.jpg]]></img><mp3></mp3><img><![CDATA[https://diafilmy.su/uploads/posts/2021-07/1625552055_34.jpg]]></img><mp3></mp3><img><![CDATA[https://diafilmy.su/uploads/posts/2021-07/1625552014_35.jpg]]></img><mp3></mp3><img><![CDATA[https://diafilmy.su/uploads/posts/2021-07/1625552021_36.jpg]]></img><mp3></mp3><img><![CDATA[https://diafilmy.su/uploads/posts/2021-07/1625551982_37.jpg]]></img><mp3></mp3><img><![CDATA[https://diafilmy.su/uploads/posts/2021-07/1625552024_38.jpg]]></img><mp3></mp3><img><![CDATA[https://diafilmy.su/uploads/posts/2021-07/1625552028_39.jpg]]></img><mp3></mp3><img><![CDATA[https://diafilmy.su/uploads/posts/2021-07/1625552058_40.jpg]]></img><mp3></mp3><img><![CDATA[https://diafilmy.su/uploads/posts/2021-07/1625551985_41.jpg]]></img><mp3></mp3><img><![CDATA[https://diafilmy.su/uploads/posts/2021-07/1625552014_42.jpg]]></img><mp3></mp3><img><![CDATA[https://diafilmy.su/uploads/posts/2021-07/1625552019_43.jpg]]></img><mp3></mp3><img><![CDATA[https://diafilmy.su/uploads/posts/2021-07/1625552056_44.jpg]]></img><mp3></mp3><img><![CDATA[https://diafilmy.su/uploads/posts/2021-07/1625552043_45.jpg]]></img><mp3></mp3><img><![CDATA[https://diafilmy.su/uploads/posts/2021-07/1625551996_46.jpg]]></img><mp3></mp3><img><![CDATA[https://diafilmy.su/uploads/posts/2021-07/1625552018_47.jpg]]></img><mp3></mp3><img><![CDATA[https://diafilmy.su/uploads/posts/2021-07/1625551979_48.jpg]]></img><mp3></mp3><img><![CDATA[https://diafilmy.su/uploads/posts/2021-07/1625552069_49.jpg]]></img><mp3></mp3><img><![CDATA[https://diafilmy.su/uploads/posts/2021-07/1625551974_50.jpg]]></img><mp3></mp3><img><![CDATA[https://diafilmy.su/uploads/posts/2021-07/1625552057_51.jpg]]></img><mp3></mp3><img><![CDATA[https://diafilmy.su/uploads/posts/2021-07/1625552060_52.jpg]]></img><mp3></mp3><img><![CDATA[https://diafilmy.su/uploads/posts/2021-07/1625552027_53.jpg]]></img><mp3></mp3></imgs></data>