<?xml version="1.0" encoding="utf-8"?><data><title><![CDATA[Производство и применение стали]]></title><url><![CDATA[https://diafilmy.su/1004-proizvodstvo-i-primenenie-stali.html]]></url><imgs><img><![CDATA[https://diafilmy.su/uploads/posts/2012-04/1335470191_01.jpg]]></img><mp3></mp3><img><![CDATA[https://diafilmy.su/uploads/posts/2012-04/1335470164_02.jpg]]></img><mp3></mp3><img><![CDATA[https://diafilmy.su/uploads/posts/2012-04/1335470163_03.jpg]]></img><mp3></mp3><img><![CDATA[https://diafilmy.su/uploads/posts/2012-04/1335470194_04.jpg]]></img><mp3></mp3><img><![CDATA[https://diafilmy.su/uploads/posts/2012-04/1335470231_05.jpg]]></img><mp3></mp3><img><![CDATA[https://diafilmy.su/uploads/posts/2012-04/1335470154_06.jpg]]></img><mp3></mp3><img><![CDATA[https://diafilmy.su/uploads/posts/2012-04/1335470231_07.jpg]]></img><mp3></mp3><img><![CDATA[https://diafilmy.su/uploads/posts/2012-04/1335470192_08.jpg]]></img><mp3></mp3><img><![CDATA[https://diafilmy.su/uploads/posts/2012-04/1335470215_09.jpg]]></img><mp3></mp3><img><![CDATA[https://diafilmy.su/uploads/posts/2012-04/1335470254_10.jpg]]></img><mp3></mp3><img><![CDATA[https://diafilmy.su/uploads/posts/2012-04/1335470178_11.jpg]]></img><mp3></mp3><img><![CDATA[https://diafilmy.su/uploads/posts/2012-04/1335470218_12.jpg]]></img><mp3></mp3><img><![CDATA[https://diafilmy.su/uploads/posts/2012-04/1335470226_13.jpg]]></img><mp3></mp3><img><![CDATA[https://diafilmy.su/uploads/posts/2012-04/1335470270_14.jpg]]></img><mp3></mp3><img><![CDATA[https://diafilmy.su/uploads/posts/2012-04/1335470237_15.jpg]]></img><mp3></mp3><img><![CDATA[https://diafilmy.su/uploads/posts/2012-04/1335470307_16.jpg]]></img><mp3></mp3><img><![CDATA[https://diafilmy.su/uploads/posts/2012-04/1335470251_17.jpg]]></img><mp3></mp3><img><![CDATA[https://diafilmy.su/uploads/posts/2012-04/1335470258_18.jpg]]></img><mp3></mp3><img><![CDATA[https://diafilmy.su/uploads/posts/2012-04/1335470305_19.jpg]]></img><mp3></mp3><img><![CDATA[https://diafilmy.su/uploads/posts/2012-04/1335470303_20.jpg]]></img><mp3></mp3><img><![CDATA[https://diafilmy.su/uploads/posts/2012-04/1335470259_21.jpg]]></img><mp3></mp3><img><![CDATA[https://diafilmy.su/uploads/posts/2012-04/1335470286_22.jpg]]></img><mp3></mp3><img><![CDATA[https://diafilmy.su/uploads/posts/2012-04/1335470351_23.jpg]]></img><mp3></mp3><img><![CDATA[https://diafilmy.su/uploads/posts/2012-04/1335470346_24.jpg]]></img><mp3></mp3><img><![CDATA[https://diafilmy.su/uploads/posts/2012-04/1335470281_25.jpg]]></img><mp3></mp3><img><![CDATA[https://diafilmy.su/uploads/posts/2012-04/1335470284_26.jpg]]></img><mp3></mp3><img><![CDATA[https://diafilmy.su/uploads/posts/2012-04/1335470369_27.jpg]]></img><mp3></mp3><img><![CDATA[https://diafilmy.su/uploads/posts/2012-04/1335470298_28.jpg]]></img><mp3></mp3><img><![CDATA[https://diafilmy.su/uploads/posts/2012-04/1335470372_29.jpg]]></img><mp3></mp3><img><![CDATA[https://diafilmy.su/uploads/posts/2012-04/1335470409_30.jpg]]></img><mp3></mp3><img><![CDATA[https://diafilmy.su/uploads/posts/2012-04/1335470390_31.jpg]]></img><mp3></mp3><img><![CDATA[https://diafilmy.su/uploads/posts/2012-04/1335470385_32.jpg]]></img><mp3></mp3><img><![CDATA[https://diafilmy.su/uploads/posts/2012-04/1335470414_33.jpg]]></img><mp3></mp3><img><![CDATA[https://diafilmy.su/uploads/posts/2012-04/1335470423_34.jpg]]></img><mp3></mp3><img><![CDATA[https://diafilmy.su/uploads/posts/2012-04/1335470413_35.jpg]]></img><mp3></mp3><img><![CDATA[https://diafilmy.su/uploads/posts/2012-04/1335470416_36.jpg]]></img><mp3></mp3><img><![CDATA[https://diafilmy.su/uploads/posts/2012-04/1335470415_37.jpg]]></img><mp3></mp3><img><![CDATA[https://diafilmy.su/uploads/posts/2012-04/1335470402_38.jpg]]></img><mp3></mp3><img><![CDATA[https://diafilmy.su/uploads/posts/2012-04/1335470408_39.jpg]]></img><mp3></mp3><img><![CDATA[https://diafilmy.su/uploads/posts/2012-04/1335470451_40.jpg]]></img><mp3></mp3><img><![CDATA[https://diafilmy.su/uploads/posts/2012-04/1335470126_41.jpg]]></img><mp3></mp3></imgs></data>