<?xml version="1.0" encoding="utf-8"?><data><title><![CDATA[Матросик]]></title><url><![CDATA[https://diafilmy.su/1538-matrosik.html]]></url><imgs><img><![CDATA[https://diafilmy.su/uploads/posts/2013-01/1358926612_img-0001.jpg]]></img><mp3></mp3><img><![CDATA[https://diafilmy.su/uploads/posts/2013-01/1358926592_img-0002.jpg]]></img><mp3></mp3><img><![CDATA[https://diafilmy.su/uploads/posts/2013-01/1358926601_img-0003.jpg]]></img><mp3></mp3><img><![CDATA[https://diafilmy.su/uploads/posts/2013-01/1358926546_img-0004.jpg]]></img><mp3></mp3><img><![CDATA[https://diafilmy.su/uploads/posts/2013-01/1358926598_img-0005.jpg]]></img><mp3></mp3><img><![CDATA[https://diafilmy.su/uploads/posts/2013-01/1358926604_img-0006.jpg]]></img><mp3></mp3><img><![CDATA[https://diafilmy.su/uploads/posts/2013-01/1358926571_img-0007.jpg]]></img><mp3></mp3><img><![CDATA[https://diafilmy.su/uploads/posts/2013-01/1358926627_img-0008.jpg]]></img><mp3></mp3><img><![CDATA[https://diafilmy.su/uploads/posts/2013-01/1358926561_img-0009.jpg]]></img><mp3></mp3><img><![CDATA[https://diafilmy.su/uploads/posts/2013-01/1358926554_img-0010.jpg]]></img><mp3></mp3><img><![CDATA[https://diafilmy.su/uploads/posts/2013-01/1358926595_img-0011.jpg]]></img><mp3></mp3><img><![CDATA[https://diafilmy.su/uploads/posts/2013-01/1358926538_img-0012.jpg]]></img><mp3></mp3><img><![CDATA[https://diafilmy.su/uploads/posts/2013-01/1358926585_img-0013.jpg]]></img><mp3></mp3><img><![CDATA[https://diafilmy.su/uploads/posts/2013-01/1358926606_img-0014.jpg]]></img><mp3></mp3><img><![CDATA[https://diafilmy.su/uploads/posts/2013-01/1358926590_img-0015.jpg]]></img><mp3></mp3><img><![CDATA[https://diafilmy.su/uploads/posts/2013-01/1358926634_img-0016.jpg]]></img><mp3></mp3><img><![CDATA[https://diafilmy.su/uploads/posts/2013-01/1358926571_img-0017.jpg]]></img><mp3></mp3><img><![CDATA[https://diafilmy.su/uploads/posts/2013-01/1358926619_img-0018.jpg]]></img><mp3></mp3><img><![CDATA[https://diafilmy.su/uploads/posts/2013-01/1358926620_img-0019.jpg]]></img><mp3></mp3><img><![CDATA[https://diafilmy.su/uploads/posts/2013-01/1358926578_img-0020.jpg]]></img><mp3></mp3><img><![CDATA[https://diafilmy.su/uploads/posts/2013-01/1358926552_img-0021.jpg]]></img><mp3></mp3><img><![CDATA[https://diafilmy.su/uploads/posts/2013-01/1358926615_img-0022.jpg]]></img><mp3></mp3><img><![CDATA[https://diafilmy.su/uploads/posts/2013-01/1358926612_img-0023.jpg]]></img><mp3></mp3><img><![CDATA[https://diafilmy.su/uploads/posts/2013-01/1358926571_img-0024.jpg]]></img><mp3></mp3><img><![CDATA[https://diafilmy.su/uploads/posts/2013-01/1358926651_img-0025.jpg]]></img><mp3></mp3><img><![CDATA[https://diafilmy.su/uploads/posts/2013-01/1358926645_img-0026.jpg]]></img><mp3></mp3><img><![CDATA[https://diafilmy.su/uploads/posts/2013-01/1358926617_img-0027.jpg]]></img><mp3></mp3><img><![CDATA[https://diafilmy.su/uploads/posts/2013-01/1358926612_img-0028.jpg]]></img><mp3></mp3><img><![CDATA[https://diafilmy.su/uploads/posts/2013-01/1358926621_img-0029.jpg]]></img><mp3></mp3><img><![CDATA[https://diafilmy.su/uploads/posts/2013-01/1358926573_img-0030.jpg]]></img><mp3></mp3><img><![CDATA[https://diafilmy.su/uploads/posts/2013-01/1358926647_img-0031.jpg]]></img><mp3></mp3><img><![CDATA[https://diafilmy.su/uploads/posts/2013-01/1358926594_img-0032.jpg]]></img><mp3></mp3><img><![CDATA[https://diafilmy.su/uploads/posts/2013-01/1358926671_img-0033.jpg]]></img><mp3></mp3><img><![CDATA[https://diafilmy.su/uploads/posts/2013-01/1358926646_img-0034.jpg]]></img><mp3></mp3><img><![CDATA[https://diafilmy.su/uploads/posts/2013-01/1358926599_img-0035.jpg]]></img><mp3></mp3><img><![CDATA[https://diafilmy.su/uploads/posts/2013-01/1358926639_img-0036.jpg]]></img><mp3></mp3><img><![CDATA[https://diafilmy.su/uploads/posts/2013-01/1358926667_img-0037.jpg]]></img><mp3></mp3><img><![CDATA[https://diafilmy.su/uploads/posts/2013-01/1358926630_img-0038.jpg]]></img><mp3></mp3><img><![CDATA[https://diafilmy.su/uploads/posts/2013-01/1358926614_img-0039.jpg]]></img><mp3></mp3><img><![CDATA[https://diafilmy.su/uploads/posts/2013-01/1358926661_img-0040.jpg]]></img><mp3></mp3><img><![CDATA[https://diafilmy.su/uploads/posts/2013-01/1358926599_img-0041.jpg]]></img><mp3></mp3><img><![CDATA[https://diafilmy.su/uploads/posts/2013-01/1358926666_img-0042.jpg]]></img><mp3></mp3><img><![CDATA[https://diafilmy.su/uploads/posts/2013-01/1358926658_img-0043.jpg]]></img><mp3></mp3><img><![CDATA[https://diafilmy.su/uploads/posts/2013-01/1358926626_img-0044.jpg]]></img><mp3></mp3><img><![CDATA[https://diafilmy.su/uploads/posts/2013-01/1358926677_img-0045.jpg]]></img><mp3></mp3><img><![CDATA[https://diafilmy.su/uploads/posts/2013-01/1358926608_img-0046.jpg]]></img><mp3></mp3><img><![CDATA[https://diafilmy.su/uploads/posts/2013-01/1358926612_img-0047.jpg]]></img><mp3></mp3><img><![CDATA[https://diafilmy.su/uploads/posts/2013-01/1358926675_img-0048.jpg]]></img><mp3></mp3><img><![CDATA[https://diafilmy.su/uploads/posts/2013-01/1358926690_img-0049.jpg]]></img><mp3></mp3><img><![CDATA[https://diafilmy.su/uploads/posts/2013-01/1358926605_img-0050.jpg]]></img><mp3></mp3><img><![CDATA[https://diafilmy.su/uploads/posts/2013-01/1358926678_img-0051.jpg]]></img><mp3></mp3><img><![CDATA[https://diafilmy.su/uploads/posts/2013-01/1358926679_img-0052.jpg]]></img><mp3></mp3><img><![CDATA[https://diafilmy.su/uploads/posts/2013-01/1358926646_img-0053.jpg]]></img><mp3></mp3><img><![CDATA[https://diafilmy.su/uploads/posts/2013-01/1358926697_img-0054.jpg]]></img><mp3></mp3><img><![CDATA[https://diafilmy.su/uploads/posts/2013-01/1358926670_img-0055.jpg]]></img><mp3></mp3><img><![CDATA[https://diafilmy.su/uploads/posts/2013-01/1358926699_img-0056.jpg]]></img><mp3></mp3><img><![CDATA[https://diafilmy.su/uploads/posts/2013-01/1358926687_img-0057.jpg]]></img><mp3></mp3><img><![CDATA[https://diafilmy.su/uploads/posts/2013-01/1358926634_img-0058.jpg]]></img><mp3></mp3></imgs></data>