<?xml version="1.0" encoding="utf-8"?><data><title><![CDATA[Царевна-лягушка]]></title><url><![CDATA[https://diafilmy.su/61-carevna-lyagushka.html]]></url><imgs><img><![CDATA[https://diafilmy.su/uploads/posts/2016-02/1456646930_00a-kopiya.jpg]]></img><mp3></mp3><img><![CDATA[https://diafilmy.su/uploads/posts/2016-02/1456646925_00b-kopiya.jpg]]></img><mp3></mp3><img><![CDATA[https://diafilmy.su/uploads/posts/2016-02/1456646915_00c-kopiya.jpg]]></img><mp3></mp3><img><![CDATA[https://diafilmy.su/uploads/posts/2016-02/1456646903_00d-kopiya.jpg]]></img><mp3></mp3><img><![CDATA[https://diafilmy.su/uploads/posts/2016-02/1456646868_4.jpg]]></img><mp3></mp3><img><![CDATA[https://diafilmy.su/uploads/posts/2016-02/1456646885_4-1.jpg]]></img><mp3></mp3><img><![CDATA[https://diafilmy.su/uploads/posts/2016-02/1456646865_4-2.jpg]]></img><mp3></mp3><img><![CDATA[https://diafilmy.su/uploads/posts/2016-02/1456646899_4-3.jpg]]></img><mp3></mp3><img><![CDATA[https://diafilmy.su/uploads/posts/2016-02/1456646933_5.jpg]]></img><mp3></mp3><img><![CDATA[https://diafilmy.su/uploads/posts/2016-02/1456646901_6.jpg]]></img><mp3></mp3><img><![CDATA[https://diafilmy.su/uploads/posts/2016-02/1456646929_7.jpg]]></img><mp3></mp3><img><![CDATA[https://diafilmy.su/uploads/posts/2016-02/1456646912_8.jpg]]></img><mp3></mp3><img><![CDATA[https://diafilmy.su/uploads/posts/2016-02/1456646876_9.jpg]]></img><mp3></mp3><img><![CDATA[https://diafilmy.su/uploads/posts/2016-02/1456646844_10.jpg]]></img><mp3></mp3><img><![CDATA[https://diafilmy.su/uploads/posts/2016-02/1456646862_11.jpg]]></img><mp3></mp3><img><![CDATA[https://diafilmy.su/uploads/posts/2016-02/1456646916_12.jpg]]></img><mp3></mp3><img><![CDATA[https://diafilmy.su/uploads/posts/2016-02/1456646917_13.jpg]]></img><mp3></mp3><img><![CDATA[https://diafilmy.su/uploads/posts/2016-02/1456646915_14.jpg]]></img><mp3></mp3><img><![CDATA[https://diafilmy.su/uploads/posts/2016-02/1456646876_15.jpg]]></img><mp3></mp3><img><![CDATA[https://diafilmy.su/uploads/posts/2016-02/1456646860_16.jpg]]></img><mp3></mp3><img><![CDATA[https://diafilmy.su/uploads/posts/2016-02/1456646911_17.jpg]]></img><mp3></mp3><img><![CDATA[https://diafilmy.su/uploads/posts/2016-02/1456646910_18.jpg]]></img><mp3></mp3><img><![CDATA[https://diafilmy.su/uploads/posts/2016-02/1456646936_19.jpg]]></img><mp3></mp3><img><![CDATA[https://diafilmy.su/uploads/posts/2016-02/1456646917_20.jpg]]></img><mp3></mp3><img><![CDATA[https://diafilmy.su/uploads/posts/2016-02/1456646898_21.jpg]]></img><mp3></mp3><img><![CDATA[https://diafilmy.su/uploads/posts/2016-02/1456646924_22.jpg]]></img><mp3></mp3><img><![CDATA[https://diafilmy.su/uploads/posts/2016-02/1456646949_23.jpg]]></img><mp3></mp3><img><![CDATA[https://diafilmy.su/uploads/posts/2016-02/1456646955_24.jpg]]></img><mp3></mp3><img><![CDATA[https://diafilmy.su/uploads/posts/2016-02/1456646944_25.jpg]]></img><mp3></mp3><img><![CDATA[https://diafilmy.su/uploads/posts/2016-02/1456646927_26.jpg]]></img><mp3></mp3><img><![CDATA[https://diafilmy.su/uploads/posts/2016-02/1456646907_27.jpg]]></img><mp3></mp3><img><![CDATA[https://diafilmy.su/uploads/posts/2016-02/1456646869_28.jpg]]></img><mp3></mp3><img><![CDATA[https://diafilmy.su/uploads/posts/2016-02/1456646874_29.jpg]]></img><mp3></mp3><img><![CDATA[https://diafilmy.su/uploads/posts/2016-02/1456646916_30.jpg]]></img><mp3></mp3><img><![CDATA[https://diafilmy.su/uploads/posts/2016-02/1456646906_31.jpg]]></img><mp3></mp3><img><![CDATA[https://diafilmy.su/uploads/posts/2016-02/1456646906_32.jpg]]></img><mp3></mp3><img><![CDATA[https://diafilmy.su/uploads/posts/2016-02/1456646907_33.jpg]]></img><mp3></mp3><img><![CDATA[https://diafilmy.su/uploads/posts/2016-02/1456646901_34.jpg]]></img><mp3></mp3><img><![CDATA[https://diafilmy.su/uploads/posts/2016-02/1456646897_35.jpg]]></img><mp3></mp3><img><![CDATA[https://diafilmy.su/uploads/posts/2016-02/1456646920_36.jpg]]></img><mp3></mp3><img><![CDATA[https://diafilmy.su/uploads/posts/2016-02/1456646953_37.jpg]]></img><mp3></mp3><img><![CDATA[https://diafilmy.su/uploads/posts/2016-02/1456646946_38.jpg]]></img><mp3></mp3><img><![CDATA[https://diafilmy.su/uploads/posts/2016-02/1456646902_39.jpg]]></img><mp3></mp3><img><![CDATA[https://diafilmy.su/uploads/posts/2016-02/1456646919_40.jpg]]></img><mp3></mp3><img><![CDATA[https://diafilmy.su/uploads/posts/2016-02/1456646886_41.jpg]]></img><mp3></mp3><img><![CDATA[https://diafilmy.su/uploads/posts/2016-02/1456646934_42.jpg]]></img><mp3></mp3><img><![CDATA[https://diafilmy.su/uploads/posts/2016-02/1456646922_43.jpg]]></img><mp3></mp3><img><![CDATA[https://diafilmy.su/uploads/posts/2016-02/1456646926_44.jpg]]></img><mp3></mp3><img><![CDATA[https://diafilmy.su/uploads/posts/2016-02/1456646909_45.jpg]]></img><mp3></mp3><img><![CDATA[https://diafilmy.su/uploads/posts/2016-02/1456646900_46.jpg]]></img><mp3></mp3></imgs></data>