<?xml version="1.0" encoding="utf-8"?><data><title><![CDATA[Козлятки и волк]]></title><url><![CDATA[https://diafilmy.su/703-kozlyatki-i-volk.html]]></url><imgs><img><![CDATA[https://diafilmy.su/uploads/posts/2011-11/1321380940_01.jpg]]></img><mp3></mp3><img><![CDATA[https://diafilmy.su/uploads/posts/2011-11/1321380974_02.jpg]]></img><mp3></mp3><img><![CDATA[https://diafilmy.su/uploads/posts/2011-11/1321380970_03.jpg]]></img><mp3></mp3><img><![CDATA[https://diafilmy.su/uploads/posts/2011-11/1321380947_04.jpg]]></img><mp3></mp3><img><![CDATA[https://diafilmy.su/uploads/posts/2011-11/1321380980_05.jpg]]></img><mp3></mp3><img><![CDATA[https://diafilmy.su/uploads/posts/2011-11/1321381010_06.jpg]]></img><mp3></mp3><img><![CDATA[https://diafilmy.su/uploads/posts/2011-11/1321380990_07.jpg]]></img><mp3></mp3><img><![CDATA[https://diafilmy.su/uploads/posts/2011-11/1321380985_08.jpg]]></img><mp3></mp3><img><![CDATA[https://diafilmy.su/uploads/posts/2011-11/1321380973_09.jpg]]></img><mp3></mp3><img><![CDATA[https://diafilmy.su/uploads/posts/2011-11/1321381004_10.jpg]]></img><mp3></mp3><img><![CDATA[https://diafilmy.su/uploads/posts/2011-11/1321380982_11.jpg]]></img><mp3></mp3><img><![CDATA[https://diafilmy.su/uploads/posts/2011-11/1321380960_12.jpg]]></img><mp3></mp3><img><![CDATA[https://diafilmy.su/uploads/posts/2011-11/1321381027_13.jpg]]></img><mp3></mp3><img><![CDATA[https://diafilmy.su/uploads/posts/2011-11/1321381011_14.jpg]]></img><mp3></mp3><img><![CDATA[https://diafilmy.su/uploads/posts/2011-11/1321381026_15.jpg]]></img><mp3></mp3><img><![CDATA[https://diafilmy.su/uploads/posts/2011-11/1321381022_16.jpg]]></img><mp3></mp3><img><![CDATA[https://diafilmy.su/uploads/posts/2011-11/1321380969_17.jpg]]></img><mp3></mp3><img><![CDATA[https://diafilmy.su/uploads/posts/2011-11/1321380980_18.jpg]]></img><mp3></mp3><img><![CDATA[https://diafilmy.su/uploads/posts/2011-11/1321381029_19.jpg]]></img><mp3></mp3><img><![CDATA[https://diafilmy.su/uploads/posts/2011-11/1321380989_20.jpg]]></img><mp3></mp3><img><![CDATA[https://diafilmy.su/uploads/posts/2011-11/1321380980_21.jpg]]></img><mp3></mp3><img><![CDATA[https://diafilmy.su/uploads/posts/2011-11/1321381015_22.jpg]]></img><mp3></mp3><img><![CDATA[https://diafilmy.su/uploads/posts/2011-11/1321380979_23.jpg]]></img><mp3></mp3><img><![CDATA[https://diafilmy.su/uploads/posts/2011-11/1321380998_24.jpg]]></img><mp3></mp3><img><![CDATA[https://diafilmy.su/uploads/posts/2011-11/1321381050_25.jpg]]></img><mp3></mp3><img><![CDATA[https://diafilmy.su/uploads/posts/2011-11/1321380989_26.jpg]]></img><mp3></mp3><img><![CDATA[https://diafilmy.su/uploads/posts/2011-11/1321381040_27.jpg]]></img><mp3></mp3><img><![CDATA[https://diafilmy.su/uploads/posts/2011-11/1321381045_28.jpg]]></img><mp3></mp3><img><![CDATA[https://diafilmy.su/uploads/posts/2011-11/1321381015_29.jpg]]></img><mp3></mp3><img><![CDATA[https://diafilmy.su/uploads/posts/2011-11/1321381059_30.jpg]]></img><mp3></mp3><img><![CDATA[https://diafilmy.su/uploads/posts/2011-11/1321380992_31.jpg]]></img><mp3></mp3><img><![CDATA[https://diafilmy.su/uploads/posts/2011-11/1321381018_32.jpg]]></img><mp3></mp3></imgs></data>