<?xml version="1.0" encoding="utf-8"?><data><title><![CDATA[Суточный наряд и его обязанности]]></title><url><![CDATA[https://diafilmy.su/6605-sutochnyj-narjad-i-ego-objazannosti.html]]></url><imgs><img><![CDATA[https://diafilmy.su/uploads/posts/2019-09/1569350408_pict-ch-01.jpg]]></img><mp3></mp3><img><![CDATA[https://diafilmy.su/uploads/posts/2019-09/1569350440_pict-ch-02.jpg]]></img><mp3></mp3><img><![CDATA[https://diafilmy.su/uploads/posts/2019-09/1569350416_pict-ch-03.jpg]]></img><mp3></mp3><img><![CDATA[https://diafilmy.su/uploads/posts/2019-09/1569350407_pict-ch-04.jpg]]></img><mp3></mp3><img><![CDATA[https://diafilmy.su/uploads/posts/2019-09/1569350451_pict-ch-05.jpg]]></img><mp3></mp3><img><![CDATA[https://diafilmy.su/uploads/posts/2019-09/1569350422_pict-ch-06.jpg]]></img><mp3></mp3><img><![CDATA[https://diafilmy.su/uploads/posts/2019-09/1569350427_pict-ch-07.jpg]]></img><mp3></mp3><img><![CDATA[https://diafilmy.su/uploads/posts/2019-09/1569350437_pict-ch-08.jpg]]></img><mp3></mp3><img><![CDATA[https://diafilmy.su/uploads/posts/2019-09/1569350481_pict-ch-09.jpg]]></img><mp3></mp3><img><![CDATA[https://diafilmy.su/uploads/posts/2019-09/1569350485_pict-ch-10.jpg]]></img><mp3></mp3><img><![CDATA[https://diafilmy.su/uploads/posts/2019-09/1569350429_pict-ch-11.jpg]]></img><mp3></mp3><img><![CDATA[https://diafilmy.su/uploads/posts/2019-09/1569350491_pict-ch-12.jpg]]></img><mp3></mp3><img><![CDATA[https://diafilmy.su/uploads/posts/2019-09/1569350427_pict-ch-13.jpg]]></img><mp3></mp3><img><![CDATA[https://diafilmy.su/uploads/posts/2019-09/1569350505_pict-ch-14.jpg]]></img><mp3></mp3><img><![CDATA[https://diafilmy.su/uploads/posts/2019-09/1569350461_pict-ch-15.jpg]]></img><mp3></mp3><img><![CDATA[https://diafilmy.su/uploads/posts/2019-09/1569350468_pict-ch-16.jpg]]></img><mp3></mp3><img><![CDATA[https://diafilmy.su/uploads/posts/2019-09/1569350451_pict-ch-17.jpg]]></img><mp3></mp3><img><![CDATA[https://diafilmy.su/uploads/posts/2019-09/1569350438_pict-ch-18.jpg]]></img><mp3></mp3><img><![CDATA[https://diafilmy.su/uploads/posts/2019-09/1569350536_pict-ch-19.jpg]]></img><mp3></mp3><img><![CDATA[https://diafilmy.su/uploads/posts/2019-09/1569350532_pict-ch-20.jpg]]></img><mp3></mp3><img><![CDATA[https://diafilmy.su/uploads/posts/2019-09/1569350444_pict-ch-21.jpg]]></img><mp3></mp3><img><![CDATA[https://diafilmy.su/uploads/posts/2019-09/1569350465_pict-ch-22.jpg]]></img><mp3></mp3><img><![CDATA[https://diafilmy.su/uploads/posts/2019-09/1569350521_pict-ch-23.jpg]]></img><mp3></mp3><img><![CDATA[https://diafilmy.su/uploads/posts/2019-09/1569350472_pict-ch-24.jpg]]></img><mp3></mp3><img><![CDATA[https://diafilmy.su/uploads/posts/2019-09/1569350502_pict-ch-25.jpg]]></img><mp3></mp3><img><![CDATA[https://diafilmy.su/uploads/posts/2019-09/1569350459_pict-ch-26.jpg]]></img><mp3></mp3><img><![CDATA[https://diafilmy.su/uploads/posts/2019-09/1569350469_pict-ch-27.jpg]]></img><mp3></mp3><img><![CDATA[https://diafilmy.su/uploads/posts/2019-09/1569350538_pict-ch-28.jpg]]></img><mp3></mp3><img><![CDATA[https://diafilmy.su/uploads/posts/2019-09/1569350533_pict-ch-29.jpg]]></img><mp3></mp3><img><![CDATA[https://diafilmy.su/uploads/posts/2019-09/1569350524_pict-ch-30.jpg]]></img><mp3></mp3><img><![CDATA[https://diafilmy.su/uploads/posts/2019-09/1569350501_pict-ch-31.jpg]]></img><mp3></mp3><img><![CDATA[https://diafilmy.su/uploads/posts/2019-09/1569350475_pict-ch-32.jpg]]></img><mp3></mp3><img><![CDATA[https://diafilmy.su/uploads/posts/2019-09/1569350475_pict-ch-33.jpg]]></img><mp3></mp3><img><![CDATA[https://diafilmy.su/uploads/posts/2019-09/1569350523_pict-ch-34.jpg]]></img><mp3></mp3><img><![CDATA[https://diafilmy.su/uploads/posts/2019-09/1569350498_pict-ch-35.jpg]]></img><mp3></mp3><img><![CDATA[https://diafilmy.su/uploads/posts/2019-09/1569350507_pict-ch-36.jpg]]></img><mp3></mp3><img><![CDATA[https://diafilmy.su/uploads/posts/2019-09/1569350552_pict-ch-37.jpg]]></img><mp3></mp3><img><![CDATA[https://diafilmy.su/uploads/posts/2019-09/1569350570_pict-ch-38.jpg]]></img><mp3></mp3><img><![CDATA[https://diafilmy.su/uploads/posts/2019-09/1569350570_pict-ch-39.jpg]]></img><mp3></mp3><img><![CDATA[https://diafilmy.su/uploads/posts/2019-09/1569350509_pict-ch-40.jpg]]></img><mp3></mp3><img><![CDATA[https://diafilmy.su/uploads/posts/2019-09/1569350565_pict-ch-41.jpg]]></img><mp3></mp3><img><![CDATA[https://diafilmy.su/uploads/posts/2019-09/1569350513_pict-ch-42.jpg]]></img><mp3></mp3></imgs></data>