<?xml version="1.0" encoding="utf-8"?><data><title><![CDATA[Кто проснулся раньше всех]]></title><url><![CDATA[https://diafilmy.su/415-kto-prosnulsya-ranshe-vseh.html]]></url><imgs><img><![CDATA[https://diafilmy.su/uploads/posts/2016-01/1453300969_0-2.jpg]]></img><mp3></mp3><img><![CDATA[https://diafilmy.su/uploads/posts/2016-01/1453300956_0-3.jpg]]></img><mp3></mp3><img><![CDATA[https://diafilmy.su/uploads/posts/2016-01/1453301032_0-4.jpg]]></img><mp3></mp3><img><![CDATA[https://diafilmy.su/uploads/posts/2016-01/1453301035_0-5.jpg]]></img><mp3></mp3><img><![CDATA[https://diafilmy.su/uploads/posts/2016-01/1453300990_1.jpg]]></img><mp3></mp3><img><![CDATA[https://diafilmy.su/uploads/posts/2016-01/1453301034_2.jpg]]></img><mp3></mp3><img><![CDATA[https://diafilmy.su/uploads/posts/2016-01/1453301033_3.jpg]]></img><mp3></mp3><img><![CDATA[https://diafilmy.su/uploads/posts/2016-01/1453301001_4.jpg]]></img><mp3></mp3><img><![CDATA[https://diafilmy.su/uploads/posts/2016-01/1453301034_5.jpg]]></img><mp3></mp3><img><![CDATA[https://diafilmy.su/uploads/posts/2016-01/1453300992_6.jpg]]></img><mp3></mp3><img><![CDATA[https://diafilmy.su/uploads/posts/2016-01/1453301016_7.jpg]]></img><mp3></mp3><img><![CDATA[https://diafilmy.su/uploads/posts/2016-01/1453301019_8.jpg]]></img><mp3></mp3><img><![CDATA[https://diafilmy.su/uploads/posts/2016-01/1453301030_9.jpg]]></img><mp3></mp3><img><![CDATA[https://diafilmy.su/uploads/posts/2016-01/1453301004_10.jpg]]></img><mp3></mp3><img><![CDATA[https://diafilmy.su/uploads/posts/2016-01/1453301016_11.jpg]]></img><mp3></mp3><img><![CDATA[https://diafilmy.su/uploads/posts/2016-01/1453300998_12.jpg]]></img><mp3></mp3><img><![CDATA[https://diafilmy.su/uploads/posts/2016-01/1453301048_13.jpg]]></img><mp3></mp3><img><![CDATA[https://diafilmy.su/uploads/posts/2016-01/1453301047_14.jpg]]></img><mp3></mp3><img><![CDATA[https://diafilmy.su/uploads/posts/2016-01/1453301044_15.jpg]]></img><mp3></mp3><img><![CDATA[https://diafilmy.su/uploads/posts/2016-01/1453301039_16.jpg]]></img><mp3></mp3><img><![CDATA[https://diafilmy.su/uploads/posts/2016-01/1453300996_17.jpg]]></img><mp3></mp3><img><![CDATA[https://diafilmy.su/uploads/posts/2016-01/1453301010_18.jpg]]></img><mp3></mp3><img><![CDATA[https://diafilmy.su/uploads/posts/2016-01/1453300975_19.jpg]]></img><mp3></mp3><img><![CDATA[https://diafilmy.su/uploads/posts/2016-01/1453300994_20.jpg]]></img><mp3></mp3><img><![CDATA[https://diafilmy.su/uploads/posts/2016-01/1453301014_21.jpg]]></img><mp3></mp3><img><![CDATA[https://diafilmy.su/uploads/posts/2016-01/1453301019_22.jpg]]></img><mp3></mp3><img><![CDATA[https://diafilmy.su/uploads/posts/2016-01/1453301042_23.jpg]]></img><mp3></mp3><img><![CDATA[https://diafilmy.su/uploads/posts/2016-01/1453301044_24.jpg]]></img><mp3></mp3><img><![CDATA[https://diafilmy.su/uploads/posts/2016-01/1453300983_25.jpg]]></img><mp3></mp3><img><![CDATA[https://diafilmy.su/uploads/posts/2016-01/1453301008_26.jpg]]></img><mp3></mp3><img><![CDATA[https://diafilmy.su/uploads/posts/2016-01/1453301028_27.jpg]]></img><mp3></mp3><img><![CDATA[https://diafilmy.su/uploads/posts/2016-01/1453301005_28.jpg]]></img><mp3></mp3><img><![CDATA[https://diafilmy.su/uploads/posts/2016-01/1453301016_29.jpg]]></img><mp3></mp3><img><![CDATA[https://diafilmy.su/uploads/posts/2016-01/1453301012_30.jpg]]></img><mp3></mp3><img><![CDATA[https://diafilmy.su/uploads/posts/2016-01/1453300992_31.jpg]]></img><mp3></mp3><img><![CDATA[https://diafilmy.su/uploads/posts/2016-01/1453300959_32.jpg]]></img><mp3></mp3></imgs></data>