<?xml version="1.0" encoding="utf-8"?><data><title><![CDATA[Остров сокровищ. Часть 2]]></title><url><![CDATA[https://diafilmy.su/1518-ostrov-sokrovisch-2.html]]></url><imgs><img><![CDATA[https://diafilmy.su/uploads/posts/2013-07/1373571676_1.jpg]]></img><mp3></mp3><img><![CDATA[https://diafilmy.su/uploads/posts/2013-07/1373571679_3.jpg]]></img><mp3></mp3><img><![CDATA[https://diafilmy.su/uploads/posts/2013-07/1373571714_4.jpg]]></img><mp3></mp3><img><![CDATA[https://diafilmy.su/uploads/posts/2013-07/1373571689_5.jpg]]></img><mp3></mp3><img><![CDATA[https://diafilmy.su/uploads/posts/2013-07/1373571724_6.jpg]]></img><mp3></mp3><img><![CDATA[https://diafilmy.su/uploads/posts/2013-07/1373571667_7.jpg]]></img><mp3></mp3><img><![CDATA[https://diafilmy.su/uploads/posts/2013-07/1373571672_8.jpg]]></img><mp3></mp3><img><![CDATA[https://diafilmy.su/uploads/posts/2013-07/1373571744_9.jpg]]></img><mp3></mp3><img><![CDATA[https://diafilmy.su/uploads/posts/2013-07/1373571740_10.jpg]]></img><mp3></mp3><img><![CDATA[https://diafilmy.su/uploads/posts/2013-07/1373571664_11.jpg]]></img><mp3></mp3><img><![CDATA[https://diafilmy.su/uploads/posts/2013-07/1373571676_12.jpg]]></img><mp3></mp3><img><![CDATA[https://diafilmy.su/uploads/posts/2013-07/1373571710_13.jpg]]></img><mp3></mp3><img><![CDATA[https://diafilmy.su/uploads/posts/2013-07/1373571711_14.jpg]]></img><mp3></mp3><img><![CDATA[https://diafilmy.su/uploads/posts/2013-07/1373571733_15.jpg]]></img><mp3></mp3><img><![CDATA[https://diafilmy.su/uploads/posts/2013-07/1373571707_16.jpg]]></img><mp3></mp3><img><![CDATA[https://diafilmy.su/uploads/posts/2013-07/1373571668_17.jpg]]></img><mp3></mp3><img><![CDATA[https://diafilmy.su/uploads/posts/2013-07/1373571737_18.jpg]]></img><mp3></mp3><img><![CDATA[https://diafilmy.su/uploads/posts/2013-07/1373571653_19.jpg]]></img><mp3></mp3><img><![CDATA[https://diafilmy.su/uploads/posts/2013-07/1373571718_20.jpg]]></img><mp3></mp3><img><![CDATA[https://diafilmy.su/uploads/posts/2013-07/1373571733_21.jpg]]></img><mp3></mp3><img><![CDATA[https://diafilmy.su/uploads/posts/2013-07/1373571703_22.jpg]]></img><mp3></mp3><img><![CDATA[https://diafilmy.su/uploads/posts/2013-07/1373571690_23.jpg]]></img><mp3></mp3><img><![CDATA[https://diafilmy.su/uploads/posts/2013-07/1373571721_24.jpg]]></img><mp3></mp3><img><![CDATA[https://diafilmy.su/uploads/posts/2013-07/1373571686_25.jpg]]></img><mp3></mp3><img><![CDATA[https://diafilmy.su/uploads/posts/2013-07/1373571730_26.jpg]]></img><mp3></mp3><img><![CDATA[https://diafilmy.su/uploads/posts/2013-07/1373571702_27.jpg]]></img><mp3></mp3><img><![CDATA[https://diafilmy.su/uploads/posts/2013-07/1373571660_28.jpg]]></img><mp3></mp3><img><![CDATA[https://diafilmy.su/uploads/posts/2013-07/1373571691_29.jpg]]></img><mp3></mp3><img><![CDATA[https://diafilmy.su/uploads/posts/2013-07/1373571740_30.jpg]]></img><mp3></mp3><img><![CDATA[https://diafilmy.su/uploads/posts/2013-07/1373571684_31.jpg]]></img><mp3></mp3><img><![CDATA[https://diafilmy.su/uploads/posts/2013-07/1373571722_32.jpg]]></img><mp3></mp3><img><![CDATA[https://diafilmy.su/uploads/posts/2013-07/1373571666_33.jpg]]></img><mp3></mp3><img><![CDATA[https://diafilmy.su/uploads/posts/2013-07/1373571717_34.jpg]]></img><mp3></mp3><img><![CDATA[https://diafilmy.su/uploads/posts/2013-07/1373571690_35.jpg]]></img><mp3></mp3><img><![CDATA[https://diafilmy.su/uploads/posts/2013-07/1373571709_36.jpg]]></img><mp3></mp3><img><![CDATA[https://diafilmy.su/uploads/posts/2013-07/1373571694_37.jpg]]></img><mp3></mp3><img><![CDATA[https://diafilmy.su/uploads/posts/2013-07/1373571710_38.jpg]]></img><mp3></mp3><img><![CDATA[https://diafilmy.su/uploads/posts/2013-07/1373571736_39.jpg]]></img><mp3></mp3><img><![CDATA[https://diafilmy.su/uploads/posts/2013-07/1373571693_40.jpg]]></img><mp3></mp3><img><![CDATA[https://diafilmy.su/uploads/posts/2013-07/1373571704_41.jpg]]></img><mp3></mp3><img><![CDATA[https://diafilmy.su/uploads/posts/2013-07/1373571751_42.jpg]]></img><mp3></mp3><img><![CDATA[https://diafilmy.su/uploads/posts/2013-07/1373571721_43.jpg]]></img><mp3></mp3><img><![CDATA[https://diafilmy.su/uploads/posts/2013-07/1373571665_44.jpg]]></img><mp3></mp3><img><![CDATA[https://diafilmy.su/uploads/posts/2013-07/1373571715_45.jpg]]></img><mp3></mp3><img><![CDATA[https://diafilmy.su/uploads/posts/2013-07/1373571706_46.jpg]]></img><mp3></mp3><img><![CDATA[https://diafilmy.su/uploads/posts/2013-07/1373571724_47.jpg]]></img><mp3></mp3><img><![CDATA[https://diafilmy.su/uploads/posts/2013-07/1373571734_48.jpg]]></img><mp3></mp3><img><![CDATA[https://diafilmy.su/uploads/posts/2013-07/1373571694_49.jpg]]></img><mp3></mp3><img><![CDATA[https://diafilmy.su/uploads/posts/2013-07/1373571727_50.jpg]]></img><mp3></mp3><img><![CDATA[https://diafilmy.su/uploads/posts/2013-07/1373571703_51.jpg]]></img><mp3></mp3><img><![CDATA[https://diafilmy.su/uploads/posts/2013-07/1373571678_52.jpg]]></img><mp3></mp3><img><![CDATA[https://diafilmy.su/uploads/posts/2013-07/1373571680_53.jpg]]></img><mp3></mp3><img><![CDATA[https://diafilmy.su/uploads/posts/2013-07/1373571742_54.jpg]]></img><mp3></mp3><img><![CDATA[https://diafilmy.su/uploads/posts/2013-07/1373571747_55.jpg]]></img><mp3></mp3><img><![CDATA[https://diafilmy.su/uploads/posts/2013-07/1373571672_2.jpg]]></img><mp3></mp3></imgs></data>