<?xml version="1.0" encoding="utf-8"?><data><title><![CDATA[Дикие животные]]></title><url><![CDATA[https://diafilmy.su/1652-dikie-zhivotnye.html]]></url><imgs><img><![CDATA[https://diafilmy.su/uploads/posts/2013-02/1361433145_img-0001.jpg]]></img><mp3></mp3><img><![CDATA[https://diafilmy.su/uploads/posts/2013-02/1361433105_img-0002.jpg]]></img><mp3></mp3><img><![CDATA[https://diafilmy.su/uploads/posts/2013-02/1361433157_img-0003.jpg]]></img><mp3></mp3><img><![CDATA[https://diafilmy.su/uploads/posts/2013-02/1361433164_img-0004.jpg]]></img><mp3></mp3><img><![CDATA[https://diafilmy.su/uploads/posts/2013-02/1361433113_img-0005.jpg]]></img><mp3></mp3><img><![CDATA[https://diafilmy.su/uploads/posts/2013-02/1361433173_img-0006.jpg]]></img><mp3></mp3><img><![CDATA[https://diafilmy.su/uploads/posts/2013-02/1361433094_img-0007.jpg]]></img><mp3></mp3><img><![CDATA[https://diafilmy.su/uploads/posts/2013-02/1361433104_img-0008.jpg]]></img><mp3></mp3><img><![CDATA[https://diafilmy.su/uploads/posts/2013-02/1361433182_img-0009.jpg]]></img><mp3></mp3><img><![CDATA[https://diafilmy.su/uploads/posts/2013-02/1361433189_img-0010.jpg]]></img><mp3></mp3><img><![CDATA[https://diafilmy.su/uploads/posts/2013-02/1361433179_img-0011.jpg]]></img><mp3></mp3><img><![CDATA[https://diafilmy.su/uploads/posts/2013-02/1361433100_img-0012.jpg]]></img><mp3></mp3><img><![CDATA[https://diafilmy.su/uploads/posts/2013-02/1361433180_img-0013.jpg]]></img><mp3></mp3><img><![CDATA[https://diafilmy.su/uploads/posts/2013-02/1361433188_img-0014.jpg]]></img><mp3></mp3><img><![CDATA[https://diafilmy.su/uploads/posts/2013-02/1361433167_img-0015.jpg]]></img><mp3></mp3><img><![CDATA[https://diafilmy.su/uploads/posts/2013-02/1361433168_img-0016.jpg]]></img><mp3></mp3><img><![CDATA[https://diafilmy.su/uploads/posts/2013-02/1361433128_img-0017.jpg]]></img><mp3></mp3><img><![CDATA[https://diafilmy.su/uploads/posts/2013-02/1361433187_img-0018.jpg]]></img><mp3></mp3><img><![CDATA[https://diafilmy.su/uploads/posts/2013-02/1361433166_img-0019.jpg]]></img><mp3></mp3><img><![CDATA[https://diafilmy.su/uploads/posts/2013-02/1361433138_img-0020.jpg]]></img><mp3></mp3><img><![CDATA[https://diafilmy.su/uploads/posts/2013-02/1361433202_img-0021.jpg]]></img><mp3></mp3><img><![CDATA[https://diafilmy.su/uploads/posts/2013-02/1361433171_img-0022.jpg]]></img><mp3></mp3><img><![CDATA[https://diafilmy.su/uploads/posts/2013-02/1361433188_img-0023.jpg]]></img><mp3></mp3><img><![CDATA[https://diafilmy.su/uploads/posts/2013-02/1361433178_img-0024.jpg]]></img><mp3></mp3><img><![CDATA[https://diafilmy.su/uploads/posts/2013-02/1361433178_img-0025.jpg]]></img><mp3></mp3><img><![CDATA[https://diafilmy.su/uploads/posts/2013-02/1361433191_img-0026.jpg]]></img><mp3></mp3><img><![CDATA[https://diafilmy.su/uploads/posts/2013-02/1361433166_img-0027.jpg]]></img><mp3></mp3><img><![CDATA[https://diafilmy.su/uploads/posts/2013-02/1361433219_img-0028.jpg]]></img><mp3></mp3><img><![CDATA[https://diafilmy.su/uploads/posts/2013-02/1361433141_img-0029.jpg]]></img><mp3></mp3><img><![CDATA[https://diafilmy.su/uploads/posts/2013-02/1361433142_img-0030.jpg]]></img><mp3></mp3></imgs></data>