<?xml version="1.0" encoding="utf-8"?><data><title><![CDATA[Кто как к зиме готовится]]></title><url><![CDATA[https://diafilmy.su/3139-kto-kak-k-zime-gotovitsya.html]]></url><imgs><img><![CDATA[https://diafilmy.su/uploads/posts/2015-02/1423320392_scan-150207-0001-kopiya.jpg]]></img><mp3></mp3><img><![CDATA[https://diafilmy.su/uploads/posts/2015-02/1423320425_scan-150207-0002-kopiya.jpg]]></img><mp3></mp3><img><![CDATA[https://diafilmy.su/uploads/posts/2015-02/1423320453_scan-150207-0003-kopiya.jpg]]></img><mp3></mp3><img><![CDATA[https://diafilmy.su/uploads/posts/2015-02/1423320418_scan-150207-0004-kopiya.jpg]]></img><mp3></mp3><img><![CDATA[https://diafilmy.su/uploads/posts/2015-02/1423320409_scan-150207-0005-kopiya.jpg]]></img><mp3></mp3><img><![CDATA[https://diafilmy.su/uploads/posts/2015-02/1423320442_scan-150207-0006-kopiya.jpg]]></img><mp3></mp3><img><![CDATA[https://diafilmy.su/uploads/posts/2015-02/1423320440_scan-150207-0007-kopiya.jpg]]></img><mp3></mp3><img><![CDATA[https://diafilmy.su/uploads/posts/2015-02/1423320398_scan-150207-0008-kopiya.jpg]]></img><mp3></mp3><img><![CDATA[https://diafilmy.su/uploads/posts/2015-02/1423320420_scan-150207-0009-kopiya.jpg]]></img><mp3></mp3><img><![CDATA[https://diafilmy.su/uploads/posts/2015-02/1423320437_scan-150207-0010-kopiya.jpg]]></img><mp3></mp3><img><![CDATA[https://diafilmy.su/uploads/posts/2015-02/1423320388_scan-150207-0011-kopiya.jpg]]></img><mp3></mp3><img><![CDATA[https://diafilmy.su/uploads/posts/2015-02/1423320419_scan-150207-0012-kopiya.jpg]]></img><mp3></mp3><img><![CDATA[https://diafilmy.su/uploads/posts/2015-02/1423320431_scan-150207-0013-kopiya.jpg]]></img><mp3></mp3><img><![CDATA[https://diafilmy.su/uploads/posts/2015-02/1423320414_scan-150207-0014-kopiya.jpg]]></img><mp3></mp3><img><![CDATA[https://diafilmy.su/uploads/posts/2015-02/1423320397_scan-150207-0015-kopiya.jpg]]></img><mp3></mp3><img><![CDATA[https://diafilmy.su/uploads/posts/2015-02/1423320447_scan-150207-0016-kopiya.jpg]]></img><mp3></mp3><img><![CDATA[https://diafilmy.su/uploads/posts/2015-02/1423320439_scan-150207-0017-kopiya.jpg]]></img><mp3></mp3><img><![CDATA[https://diafilmy.su/uploads/posts/2015-02/1423320401_scan-150207-0018-kopiya.jpg]]></img><mp3></mp3><img><![CDATA[https://diafilmy.su/uploads/posts/2015-02/1423320449_scan-150207-0019-kopiya.jpg]]></img><mp3></mp3><img><![CDATA[https://diafilmy.su/uploads/posts/2015-02/1423320497_scan-150207-0020-kopiya.jpg]]></img><mp3></mp3><img><![CDATA[https://diafilmy.su/uploads/posts/2015-02/1423320402_scan-150207-0021-kopiya.jpg]]></img><mp3></mp3><img><![CDATA[https://diafilmy.su/uploads/posts/2015-02/1423320476_scan-150207-0022-kopiya.jpg]]></img><mp3></mp3><img><![CDATA[https://diafilmy.su/uploads/posts/2015-02/1423320450_scan-150207-0023-kopiya.jpg]]></img><mp3></mp3><img><![CDATA[https://diafilmy.su/uploads/posts/2015-02/1423320444_scan-150207-0024-kopiya.jpg]]></img><mp3></mp3><img><![CDATA[https://diafilmy.su/uploads/posts/2015-02/1423320441_scan-150207-0025-kopiya.jpg]]></img><mp3></mp3><img><![CDATA[https://diafilmy.su/uploads/posts/2015-02/1423320437_scan-150207-0026-kopiya.jpg]]></img><mp3></mp3><img><![CDATA[https://diafilmy.su/uploads/posts/2015-02/1423320507_scan-150207-0027-kopiya.jpg]]></img><mp3></mp3><img><![CDATA[https://diafilmy.su/uploads/posts/2015-02/1423320487_scan-150207-0028-kopiya.jpg]]></img><mp3></mp3><img><![CDATA[https://diafilmy.su/uploads/posts/2015-02/1423320508_scan-150207-0029-kopiya.jpg]]></img><mp3></mp3><img><![CDATA[https://diafilmy.su/uploads/posts/2015-02/1423320485_scan-150207-0030-kopiya.jpg]]></img><mp3></mp3><img><![CDATA[https://diafilmy.su/uploads/posts/2015-02/1423320433_scan-150207-0031-kopiya.jpg]]></img><mp3></mp3><img><![CDATA[https://diafilmy.su/uploads/posts/2015-02/1423320493_scan-150207-0032-kopiya.jpg]]></img><mp3></mp3><img><![CDATA[https://diafilmy.su/uploads/posts/2015-02/1423320445_scan-150207-0033-kopiya.jpg]]></img><mp3></mp3><img><![CDATA[https://diafilmy.su/uploads/posts/2015-02/1423320480_scan-150207-0034-kopiya.jpg]]></img><mp3></mp3><img><![CDATA[https://diafilmy.su/uploads/posts/2015-02/1423320523_scan-150207-0035-kopiya.jpg]]></img><mp3></mp3><img><![CDATA[https://diafilmy.su/uploads/posts/2015-02/1423320501_scan-150207-0036-kopiya.jpg]]></img><mp3></mp3><img><![CDATA[https://diafilmy.su/uploads/posts/2015-02/1423320504_scan-150207-0037-kopiya.jpg]]></img><mp3></mp3><img><![CDATA[https://diafilmy.su/uploads/posts/2015-02/1423320509_scan-150207-0038-kopiya.jpg]]></img><mp3></mp3><img><![CDATA[https://diafilmy.su/uploads/posts/2015-02/1423320457_scan-150207-0039-kopiya.jpg]]></img><mp3></mp3><img><![CDATA[https://diafilmy.su/uploads/posts/2015-02/1423320529_scan-150207-0040-kopiya.jpg]]></img><mp3></mp3><img><![CDATA[https://diafilmy.su/uploads/posts/2015-02/1423320513_scan-150207-0041-kopiya.jpg]]></img><mp3></mp3><img><![CDATA[https://diafilmy.su/uploads/posts/2015-02/1423320444_scan-150207-0042-kopiya.jpg]]></img><mp3></mp3><img><![CDATA[https://diafilmy.su/uploads/posts/2015-02/1423320470_scan-150207-0043-kopiya.jpg]]></img><mp3></mp3><img><![CDATA[https://diafilmy.su/uploads/posts/2015-02/1423320441_scan-150207-0044-kopiya.jpg]]></img><mp3></mp3><img><![CDATA[https://diafilmy.su/uploads/posts/2015-02/1423320504_scan-150207-0045-kopiya.jpg]]></img><mp3></mp3><img><![CDATA[https://diafilmy.su/uploads/posts/2015-02/1423320515_scan-150207-0046-kopiya.jpg]]></img><mp3></mp3><img><![CDATA[https://diafilmy.su/uploads/posts/2015-02/1423320460_scan-150207-0047-kopiya.jpg]]></img><mp3></mp3><img><![CDATA[https://diafilmy.su/uploads/posts/2015-02/1423320494_scan-150207-0048-kopiya.jpg]]></img><mp3></mp3></imgs></data>