<?xml version="1.0" encoding="utf-8"?><data><title><![CDATA[Женщины страны советов]]></title><url><![CDATA[https://diafilmy.su/708-zhenschiny-strany-sovetov.html]]></url><imgs><img><![CDATA[https://diafilmy.su/uploads/posts/2011-11/1321637351_1.jpg]]></img><mp3></mp3><img><![CDATA[https://diafilmy.su/uploads/posts/2011-11/1321637358_2.jpg]]></img><mp3></mp3><img><![CDATA[https://diafilmy.su/uploads/posts/2011-11/1321637290_3.jpg]]></img><mp3></mp3><img><![CDATA[https://diafilmy.su/uploads/posts/2011-11/1321637266_4.jpg]]></img><mp3></mp3><img><![CDATA[https://diafilmy.su/uploads/posts/2011-11/1321637338_5.jpg]]></img><mp3></mp3><img><![CDATA[https://diafilmy.su/uploads/posts/2011-11/1321637270_6.jpg]]></img><mp3></mp3><img><![CDATA[https://diafilmy.su/uploads/posts/2011-11/1321637343_7.jpg]]></img><mp3></mp3><img><![CDATA[https://diafilmy.su/uploads/posts/2011-11/1321637365_8.jpg]]></img><mp3></mp3><img><![CDATA[https://diafilmy.su/uploads/posts/2011-11/1321637285_9.jpg]]></img><mp3></mp3><img><![CDATA[https://diafilmy.su/uploads/posts/2011-11/1321637357_10.jpg]]></img><mp3></mp3><img><![CDATA[https://diafilmy.su/uploads/posts/2011-11/1321637298_11.jpg]]></img><mp3></mp3><img><![CDATA[https://diafilmy.su/uploads/posts/2011-11/1321637361_12.jpg]]></img><mp3></mp3><img><![CDATA[https://diafilmy.su/uploads/posts/2011-11/1321637348_13.jpg]]></img><mp3></mp3><img><![CDATA[https://diafilmy.su/uploads/posts/2011-11/1321637386_14.jpg]]></img><mp3></mp3><img><![CDATA[https://diafilmy.su/uploads/posts/2011-11/1321637329_15.jpg]]></img><mp3></mp3><img><![CDATA[https://diafilmy.su/uploads/posts/2011-11/1321637297_16.jpg]]></img><mp3></mp3><img><![CDATA[https://diafilmy.su/uploads/posts/2011-11/1321637388_17.jpg]]></img><mp3></mp3><img><![CDATA[https://diafilmy.su/uploads/posts/2011-11/1321637314_18.jpg]]></img><mp3></mp3><img><![CDATA[https://diafilmy.su/uploads/posts/2011-11/1321637322_19.jpg]]></img><mp3></mp3><img><![CDATA[https://diafilmy.su/uploads/posts/2011-11/1321637336_20.jpg]]></img><mp3></mp3><img><![CDATA[https://diafilmy.su/uploads/posts/2011-11/1321637328_21.jpg]]></img><mp3></mp3><img><![CDATA[https://diafilmy.su/uploads/posts/2011-11/1321637384_22.jpg]]></img><mp3></mp3><img><![CDATA[https://diafilmy.su/uploads/posts/2011-11/1321637329_23.jpg]]></img><mp3></mp3><img><![CDATA[https://diafilmy.su/uploads/posts/2011-11/1321637359_24.jpg]]></img><mp3></mp3><img><![CDATA[https://diafilmy.su/uploads/posts/2011-11/1321637354_25.jpg]]></img><mp3></mp3><img><![CDATA[https://diafilmy.su/uploads/posts/2011-11/1321637357_26.jpg]]></img><mp3></mp3><img><![CDATA[https://diafilmy.su/uploads/posts/2011-11/1321637354_27.jpg]]></img><mp3></mp3><img><![CDATA[https://diafilmy.su/uploads/posts/2011-11/1321637346_28.jpg]]></img><mp3></mp3><img><![CDATA[https://diafilmy.su/uploads/posts/2011-11/1321637351_29.jpg]]></img><mp3></mp3><img><![CDATA[https://diafilmy.su/uploads/posts/2011-11/1321637326_30.jpg]]></img><mp3></mp3><img><![CDATA[https://diafilmy.su/uploads/posts/2011-11/1321637340_31.jpg]]></img><mp3></mp3><img><![CDATA[https://diafilmy.su/uploads/posts/2011-11/1321637334_32.jpg]]></img><mp3></mp3><img><![CDATA[https://diafilmy.su/uploads/posts/2011-11/1321637412_33.jpg]]></img><mp3></mp3><img><![CDATA[https://diafilmy.su/uploads/posts/2011-11/1321637395_34.jpg]]></img><mp3></mp3><img><![CDATA[https://diafilmy.su/uploads/posts/2011-11/1321637400_35.jpg]]></img><mp3></mp3><img><![CDATA[https://diafilmy.su/uploads/posts/2011-11/1321637340_36.jpg]]></img><mp3></mp3><img><![CDATA[https://diafilmy.su/uploads/posts/2011-11/1321637356_37.jpg]]></img><mp3></mp3><img><![CDATA[https://diafilmy.su/uploads/posts/2011-11/1321637340_38.jpg]]></img><mp3></mp3><img><![CDATA[https://diafilmy.su/uploads/posts/2011-11/1321637400_39.jpg]]></img><mp3></mp3><img><![CDATA[https://diafilmy.su/uploads/posts/2011-11/1321637406_40.jpg]]></img><mp3></mp3><img><![CDATA[https://diafilmy.su/uploads/posts/2011-11/1321637386_41.jpg]]></img><mp3></mp3><img><![CDATA[https://diafilmy.su/uploads/posts/2011-11/1321637354_42.jpg]]></img><mp3></mp3><img><![CDATA[https://diafilmy.su/uploads/posts/2011-11/1321637434_43.jpg]]></img><mp3></mp3><img><![CDATA[https://diafilmy.su/uploads/posts/2011-11/1321637386_44.jpg]]></img><mp3></mp3><img><![CDATA[https://diafilmy.su/uploads/posts/2011-11/1321637362_45.jpg]]></img><mp3></mp3><img><![CDATA[https://diafilmy.su/uploads/posts/2011-11/1321637415_46.jpg]]></img><mp3></mp3><img><![CDATA[https://diafilmy.su/uploads/posts/2011-11/1321637438_47.jpg]]></img><mp3></mp3><img><![CDATA[https://diafilmy.su/uploads/posts/2011-11/1321637362_48.jpg]]></img><mp3></mp3><img><![CDATA[https://diafilmy.su/uploads/posts/2011-11/1321637395_49.jpg]]></img><mp3></mp3><img><![CDATA[https://diafilmy.su/uploads/posts/2011-11/1321637459_50.jpg]]></img><mp3></mp3><img><![CDATA[https://diafilmy.su/uploads/posts/2011-11/1321637432_51.jpg]]></img><mp3></mp3><img><![CDATA[https://diafilmy.su/uploads/posts/2011-11/1321637396_52.jpg]]></img><mp3></mp3><img><![CDATA[https://diafilmy.su/uploads/posts/2011-11/1321637416_53.jpg]]></img><mp3></mp3><img><![CDATA[https://diafilmy.su/uploads/posts/2011-11/1321637388_54.jpg]]></img><mp3></mp3><img><![CDATA[https://diafilmy.su/uploads/posts/2011-11/1321637378_55.jpg]]></img><mp3></mp3><img><![CDATA[https://diafilmy.su/uploads/posts/2011-11/1321637326_56.jpg]]></img><mp3></mp3></imgs></data>